sort,organism,method,OBX3 Status,OBX3 Stop,OBX3 Code,OBX3 Concept Name,OBX3 Preferred Name,OBX3 Code System,OBX3 Comment,Value Set Name,Publication Date,Revision Date,Revision Detail,CR#,Author,Editor
10010,(Epi) Admin,,A,,LAB515,Was Isolate sent to CDC?,Was Isolate sent to CDC?,PHINQUESTION,,Yes No Unknown,20100301,,,,,
10020,(Epi) Admin,,A,,PLT249,Sample is related to program/study/event,Sample is related to program/study/event,PLT,,Program list,20110818,,,84,RM,
10030,(Epi) Admin,,A,,LAB514,Was this specimen related to an outbreak?,Was this specimen outbreak-related?,PHINQUESTION,,Yes No Unknown,20100301,,,,,
10040,(Epi) Age,,A,,21612-7,Age - Reported,Age - Reported,LN,,(Non-coded structured number),20100301,"20101028, 20170623","updated LOINC shortname and version number
updated LOINC name and version number",18,RM,EH
10050,(Epi) Age,,A,,35659-2,Age at specimen collection,Age at specimen collection,LN,,(Non-coded structured number),20190422,,,185,JS,
10060,(Epi) Age,,A,,29553-5,Age Time Patient Calc,Age calculated,LN,,(Non-coded structured number),20190422,,,185,JS,
10070,(Epi) Facility,,A,,LAB330,Patient location status at specimen collection,"Did the specimen come from an outpatient, inpatient or long-term care facility?",PHINQUESTION,,Patient location,20100301,,,,,
10080,(Epi) ID,,A,,PLT248,Identifier with assigning authority,Organization Identifier with assigning authority,PLT,"To report the identifier of a facility, provider office related to a study, event or program - is reported using a CX datatype in combination with PLT249",(Non-coded ID format),20110818,,,84,RM,
10090,(Epi) Onset,,A,,11368-8,Illness or injury onset date and time,Illness or injury onset date and time,LN,,(Non-coded date),20100301,,updated LOINC shortname and version number,18,RM,EH
10100,(Epi) Pregnant,,A,,11449-6,Pregnancy status Imp Reported,Pregnancy status [Interpretation] - Reported,LN,,Pregnancy status,20141125,20180907,new,118,RM,
10110,(Epi) Pre-screen,,A,,85069-3,Lab test method,Lab test method [Type],LN,replaces LAB105,Pre-screen method,20180907,,,178,RM,
10120,(Epi) Pre-screen,,A,,86952-9,Preliminary testing done Spec,Preliminary testing done Specimen,LN,86952-9 replaces PLT365,Yes No Unknown,20190224,,,111,JS,
10130,(Epi) Pre-screen,,A,,86953-7,Preliminary testing result Spec,Preliminary testing result Specimen,LN,86953-7 replaces PLT366,Pre-screen results,20190224,,,111,JS,
10140,(Epi) Pre-screen,,A,,86955-2,Prelim test affect further test Spec,Preliminary testing affected submission for further testing Specimen,LN,86955-2 replaces PLT367,Yes No Unknown,20190224,,,111,JS,
10150,(Epi) Pre-screen,,D,20200831,LAB105,Test Method,Test Method,PHINQUESTION,Replacerd by as of Aug2018 release,Pre-screen method,20140805,,,"111, 178",RM,
10160,(Epi) Pre-screen,,D,20190901,PLT366,"If sample was pre-screened, what was the result?","If sample was pre-screened, what was the result?",PLT,,Pre-screen results,20140805,20190224,"PLT366 deprecated, replaced by 86953-7",111,RM,JS
10170,(Epi) Pre-screen,,D,20190901,PLT365,Was sample pre-screened for Influenza virus?,Was sample pre-screened for Influenza virus?,PLT,,Yes No Unknown,20140805,20190224,"PLT365 deprecated, replaced by 86952-9",111,RM,JS
10180,(Epi) Pre-screen,,D,20190901,PLT367,Did the pre-screening affect submission for further testing?,Did the pre-screening affect submission for further testing?,PLT,,Yes No,20140805,20190224,"PLT367 deprecated, replaced by 86955-2",111,RM,JS
10190,(Epi) Specimen,,A,,LAB517,Identifier assigned by laboratory to the isolate sent to CDC,Laboratory ID assigned to the isolate sent to CDC,PHINQUESTION,,(Non-coded ID format),20100301,20101028,,,,
10200,(Epi) Specimen,,A,,PHLIP02,History of culture medium,Passage history,PHINQUESTION,,(Non-coded text),20100301,,,,,
10210,(Epi) Specimen,,A,,LAB202,Specimen ID,Unique specimen ID,PHINQUESTION,,(Non-coded ID format),20100301,,,,,
10220,(Epi) Travel,,A,,TRAVEL05,International destination(s).,Which countries has the patient traveled to within 10 days of illness onset date?,PHINQUESTION,,Country,20100301,,,,,
10230,(Epi) Travel,,A,,PHLIP01,Did the patient travel outside the U.S. within 10 days of illness onset?,Did the patient travel outside the U.S. within 10 days of illness onset?,PHINQUESTION,,Yes No Unknown,20100301,,,,,
10240,(Epi) Treatment,,A,,FLU001,Was the patient receiving influenza antiviral medication?,Was the patient receiving influenza antiviral medication?,PHINQUESTION,,Yes No Unknown,20100301,,,,,
10250,(Epi) Vaccine,,A,,FLU002,Was the patient vaccinated for influenza?,Was the patient vaccinated?,PHINQUESTION,,Yes No Unknown,20100301,,,,,
10260,(Ref lab),,A,,19146-0,Ref Lab Test Results,Reference lab test results,LN,"Report as CE, if codable using PHLIP vocabualry or as ST, if free text",Respiratory viruses,20100301,,,,,
10270,(RNase P),PCR,A,,68993-5,Human RNase P RNA XXX Ql NAA+probe,Human RNase P RNA [Presence] in Unspecified specimen by NAA with probe detection,LN,Replaces PLT264,Target PCR result,20111202,,,92,RM,
10280,(RNase P),PCR,A,,86316-7,Human RNase P RNA Ct XXX Qn NAA+probe,Human RNase P RNA [Cycle Threshold #] in Unspecified specimen by NAA with probe detection,LN,"Was never in encoding guideline, so added",(Non-coded structured number),20180907,,new,175,RM,
10290,(RNase P),PCR,D,20190901,PLT518,Human RNAse P XXX (Ct) PCR,Human RNAse P XXX (Cycle Threshold #) in unspecified Specimen by Probe and target amplification method,PLT,"optional for reporting of Ct values
Use 0 to report ""not detected""
Replaced by 81326-1 as of Feb2018 release",(Non-coded structured number),20160120,20180305,new,"131, 171",RM,
10300,Flu,Cult,A,,49538-2,FLUV XXX Shell Vial Cult,Influenza virus identified in Unspecified specimen by Shell vial culture,LN,Supersedes PLT90,Flu viruses,20100301,,,,,
10310,Flu,Cult,A,,6604-3,FLUV XXX Cult,Influenza virus identified in Unspecified specimen by Organism specific culture,LN,,Flu viruses,20100301,20100820,updated concept name to match LOINC shortname,,RM,
10320,Flu,Cult,A,,PLT76,Influenza Virus Culture on Isolate,Influenza Virus Culture on Isolate,PLT,should be superseeded by 6608-4,Flu viruses,20100301,,,,,
10330,Flu,HAI,A,,PLT97,Influenza Virus subtype HAI on Isolate,Influenza Virus subtype HAI on Isolate,PLT,,Flu viruses HAI,20100301,,,,,
10340,Flu,PCR,A,,PLT96,Influenza Virus Standard PCR on XXX,Influenza Virus Standard PCR on XXX,PLT,Should be superseeded by 48509-4,Flu viruses,20100301,,,,,
10350,Flu,Seq,D,20190301,50712-9,FLUV NI resist Islt Ql,Influenza virus.neuraminidase inhibitor resistance [Susceptibility] Qualitative,LN,Supersedes PLT83,Drug test result,20100301,20100820,updated concept name to match LOINC shortname,1,RM,
10360,Flu A,Cult,A,,48310-7,FLUAV XXX Ql Cult,Influenza virus A [Presence] in Unspecified specimen by Organism specific culture,LN,,Ql culture result,20100301,,,,,
10370,Flu A,Sero,D,20200501,50697-2,FLUAV Ag Islt,Influenza virus A Ag [Identifier] in Isolate,LN,Supersedes PLT2,(no value set defined),20100301,20190501,"Deprecated per Flu code review. Not in use, no replacement",,RM,JS
10380,Flu A,CF,A,,44556-9,FLUAV Ab Ser Ql CF,Influenza virus A Ab [Presence] in Serum by Complement fixation,LN,,CF IF Neut result,20100301,20100820,updated concept name to match LOINC shortname,,RM,
10390,Flu A,CF,A,,39536-8,FLUAV Ab Ser CF-aCnc,Influenza virus A Ab [Units/volume] in Serum by Complement fixation,LN,,CF IF Neut result,20100301,20100820,updated concept name to match LOINC shortname,,RM,
10400,Flu A,CF,A,,5229-0,FLUAV Ab Titr Ser CF,Influenza virus A Ab [Titer] in Serum by Complement fixation,LN,,(Non-coded structured number),20100301,20100820,updated concept name to match LOINC shortname,,RM,
10410,Flu A,HAI,A,,PLT55,Influenza Virus A subtype HAI on Isolate,Influenza Virus A subtype HAI on Isolate,PLT,,Flu A H subtype,20100301,,,,,
10420,Flu A,IA,A,,5862-8,FLUAV Ag XXX Ql IA,Influenza virus A Ag [Presence] in Unspecified specimen by Immunoassay,LN,,EIA result,20100301,20100820,updated concept name to match LOINC shortname,,RM,
10430,Flu A,IA,A,,22822-1,FLUAV Ab Ser Ql IA,Influenza virus A Ab [Presence] in Serum by Immunoassay,LN,,EIA result,20100301,20100820,updated concept name to match LOINC shortname,,RM,
10440,Flu A,IF,A,,5863-6,FLUAV Ag XXX Ql IF,Influenza virus A Ag [Presence] in Unspecified specimen by Immunofluorescence,LN,supersedes PLT39 and PLT4,CF IF Neut result,20100301,"20100820, 20110124","updated concept name to match LOINC shortname, replaced plt codes","70, 75",RM,
10450,Flu A,IF,A,,PLT2063,FluAV ISLT DFA,Influenza A virus DFA on Isolate,PLT,"Replaces previuosly deprecated code PLR3, as it is still needed in Fl (and any other lab, that performs both DFA and IFA)",CF IF Neut result,20180124,,new code,168,RM,
10460,Flu A,IF,A,,49529-1,FLUAV Ag Islt Ql IF,Influenza virus A Ag [Presence] in Isolate by Immunofluorescence,LN,"supersedes PLT3, PLT42 and PLT43",CF IF Neut result,20100301,20110124,replaced plt codes,"15, 70",RM,
10470,Flu A,PCR,A,,38381-0,FLUAV cDNA XXX Ql NAA+probe,Influenza virus A cDNA [Presence] in Unspecified specimen by NAA with probe detection,LN,For use with 78922-2^Resp path DNA+RNA Pnl Nph NAA+probe,Target PCR result,20190315,,,189,JS,
10480,Flu A,PCR,A,,22827-0,FLUAV Subtyp XXX NAA+probe,Influenza virus A subtype [Identifier] in Unspecified specimen by NAA with probe detection,LN,,Flu A H subtype,20100301,,,,,
10490,Flu A,PCR,A,,76078-5,FLUAV RNA Nph Ql NAA+probe,Influenza virus A RNA [Presence] in Nasopharynx by NAA with probe detection,LN,Allowed to accommodate existing coding for the FDA approved Genmark RVP,Target PCR result,20160216,,new code,145,RM,
10500,Flu A,PCR,A,,81308-9,FLUAV RNA Ct Resp Qn NAA+probe,Influenza virus A RNA [Cycle Threshold #] in Respiratory specimen by NAA with probe detection,LN,"optional for reporting of Ct values
Use 0 to report ""not detected""",(Non-coded structured number),20180305,,new,171,RM,
10510,Flu A,PCR,A,,80588-7,FLUAV M gene Nph Ql NAA+probe,Influenza virus A M gene [Presence] in Nasopharynx by NAA with probe detection,LN,For use with 78922-2^Resp path DNA+RNA Pnl Nph NAA+probe,Target PCR result,20190315,,,189,JS,
10520,Flu A,PCR,A,,59423-4,FLUAV HA RNA XXX NAA+probe,Influenza virus A hemagglutinin type RNA [Identifier] in Unspecified specimen by NAA with probe detection,LN,Supersedes PLT196,Results PLT196,20100421,,new code,,RM,
10530,Flu A,PCR,A,,44263-2,FLUAV RNA XXX NAA+probe-aCnc,Influenza virus A RNA [Units/volume] (viral load) in Unspecified specimen by NAA with probe detection,LN,For quantitative (numeric) results,Drug test result,20100301,,,,,
10540,Flu A,PCR,A,,34487-9,FLUAV RNA XXX Ql NAA+probe,Influenza virus A RNA [Presence] in Unspecified specimen by NAA with probe detection,LN,supersedes PLT100 and PLT53,Target PCR result,20100301,"20100618, 20110124","updated concept name to match LOINC shortname, replaced plt codes",70,RM,RM
10550,Flu A,non-PCR,A,,82166-0,FLUAV RNA Nph Ql NAA+non-probe,Influenza virus A RNA [Presence] in Nasopharynx by NAA with non-probe detection,LN,Film Array RVP#2,Target PCR result,20180907,,new code,183,RM,
10560,Flu A,Seq,A,,PLT237,FluAV H12009pdm RNA.NA XXX amp/seq,FluAV H12009pdm RNA.NA XXX amp/seq,PLT,For use with PYrosequencing - laboratories interested in using these codes should contact the PHLIP Technical Assistance team at phlip@aphl.org,Pyro results,20111114,,,,RM,
10570,Flu A,Seq,A,,PLT245,FluAV RNA.NA XXX amp/seq,FluAV RNA.NA XXX amp/seq,PLT,For use with PYrosequencing - laboratories interested in using these codes should contact the PHLIP Technical Assistance team at phlip@aphl.org,Pyro results,20111114,,,,RM,
10580,Flu A,Seq,A,,49532-5,FLUAV HA RNA Islt Seq,Influenza virus A hemagglutinin type RNA [Identifier] in Isolate by Sequencing,LN,"Supersedes PLT38, 56",Target PCR result,20100301,20110124,"replaced plt codes, in LOINC v2.38 this is discouraged, Regenstrief would like more information about this test","1, 70",RM,
10590,Flu A,Seq,A,,50699-8,FLUAV ADM resis Islt Ql,Influenza virus A.adamantane resistance [Presence],LN,Supersedes PLT57,Drug test result,20100301,,,1,RM,
10600,Flu A,Seq,A,,PLT246,FluAV RNA.M2 XXX amp/seq,FluAV RNA.M2 XXX amp/seq,PLT,For use with PYrosequencing - laboratories interested in using these codes should contact the PHLIP Technical Assistance team at phlip@aphl.org,Pyro results,20111114,,,,RM,
10610,Flu A,Phenotyp,A,,50703-8,FLUAV NI resis Islt Ql Phenotyp,Influenza virus A.neuraminidase inhibitor resistance [Susceptibility] Qualitative by Phenotype method,LN,Supersedes PLT75,Drug test result,20100301,"20110127, 20110228","updated shortname, new code",77,RM,
10620,Flu A,Pyro,A,,PLT244,FluAV RNA.NA Rto XXX SNP,FluAV RNA.NA Rto XXX SNP,PLT,For use with PYrosequencing - laboratories interested in using these codes should contact the PHLIP Technical Assistance team at phlip@aphl.org,(Non-coded structured number),20111114,,,,RM,
10630,Flu A,Pyro,A,,PLT208,Sample type tested,Sample type tested,PLT,For use with PYrosequencing - laboratories interested in using these codes should contact the PHLIP Technical Assistance team at phlip@aphl.org,Sample type tested results,20111114,,,,RM,
10640,Flu A,Pyro,A,,PLT205,Percent wildtype,Percent wildtype,PLT,For use with PYrosequencing - laboratories interested in using these codes should contact the PHLIP Technical Assistance team at phlip@aphl.org,(Non-coded structured number),20111114,,,,RM,
10650,Flu A,Pyro,A,,PLT206,Percent mutation,Percent mutation,PLT,For use with PYrosequencing - laboratories interested in using these codes should contact the PHLIP Technical Assistance team at phlip@aphl.org,(Non-coded structured number),20111114,,,,RM,
10660,Flu A,PCR,D,20190301,49531-7,FLUAV RNA Islt Ql NAA+probe,Influenza virus A RNA [Presence] in Isolate by NAA with probe detection,LN,supersedes PLT52 and PLT54,Target PCR result,20100301,20110124,replaced plt codes,"70, 75",RM,
10670,Flu A,PCR,D,20190901,PLT509,FLUAV RNA XXX (Ct) PCR,Influenza Virus A RNA (Cycle Threshold #) in unspecified Specimen by Probe and target amplification method,PLT,"optional for reporting of Ct values
Use 0 to report ""not detected""
Replaced by 81308-9 as of Feb2018 release",(Non-coded structured number),20160120,20180305,new,"131, 171",RM,
10680,Flu A,Phenotyp,D,20190107,50698-0,FLUAV ADM resis Islt Ql Phenotyp,Influenza virus A.adamantane resistance [Presence] by Phenotype method,LN,Supersedes PLT74,Drug test result,20100301,,,,,
10690,Flu A 2009p & swine,PCR,A,,60494-2,FLUAV H1 2009 RNA XXX NAA+probe-Imp,Influenza virus A H1 2009 pandemic and Influenza virus A swine origin RNA [Interpretation] in Unspecified specimen Qualitative by NAA with probe detection,LN,Supersedes PLT172,Conclusion PCR result,20101028,20101129,"new code pending Feb2011 release, make active",66,EH,
10700,Flu A 2009p,HADI,A,,PLT283,Influenza A H12009pdm AG Ql ISLT HADI,Influenza A H12009pdm AG Ql ISLT HADI,PLT,,CF IF Neut result,20160216,,new,135,RM,
10710,Flu A 2009p,HAI,A,,PLT491,Flu AV H12009pdm ISLT Ql HAI,Influenza Virus A H1 2009pdm [Presence] HAI on Isolate,PLT,Used to report individual AG HAI results,HAI results,20150427,,new,128,RM,
10720,Flu A 2009p,PCR,A,,77028-9,FLUAV H1 2009 pand RNA Nph Ql NAA+probe,Influenza virus A H1 2009 pandemic RNA [Presence] in Nasopharynx by NAA with probe detection,LN,Allowed to accommodate existing coding for the FDA approved Genmark RVP,Target PCR result,20160216,,new code,145,RM,
10730,Flu A 2009p,PCR,A,,81305-5,FLUAV H1 2009 pan RNA Ct Resp Qn NAA+pr,Influenza virus A H1 2009 pandemic RNA [Cycle Threshold #] in Respiratory specimen by NAA with probe detection,LN,"optional for reporting of Ct values
Use 0 to report ""not detected""
Replaces PLT511 as of Feb2018 release",(Non-coded structured number),20180305,,new,171,RM,
10740,Flu A 2009p,PCR,A,,55465-9,FLUAV H1 2009 pand RNA XXX Ql NAA+probe,Influenza virus A H1 2009 pandemic RNA [Presence] in Unspecified specimen by NAA with probe detection,LN,supersedes PLT105,Target PCR result,20100301,20110124,replaced plt code,74,RM,
10750,Flu A 2009p,non-PCR,A,,82168-6,FLUAV H1 2009 pan RNA Nph NAA+non-probe,Influenza virus A H1 2009 pandemic RNA [Presence] in Nasopharynx by NAA with non-probe detection,LN,Film Array RVP#2,Target PCR result,20180907,,new code,183,RM,
10760,Flu A 2009p,Pyro,A,,PLT243,FluAV H12009pdm RNA.NA Rto XXX SNP,FluAV H12009pdm RNA.NA Rto XXX SNP,PLT,For use with PYrosequencing - laboratories interested in using these codes should contact the PHLIP Technical Assistance team at phlip@aphl.org,(Non-coded structured number),20111114,,,,RM,
10770,Flu A 2009p,Pyro,A,,PLT240,FluAV H12009pdm RNA.NA_H275 XXX amp/seq,FluAV H12009pdm RNA.NA_H275 XXX amp/seq,PLT,For use with PYrosequencing - laboratories interested in using these codes should contact the PHLIP Technical Assistance team at phlip@aphl.org,Pyro results,20111114,,,,RM,
10780,Flu A 2009p,Pyro,A,,PLT241,FluAV H12009pdm RNA.NA_I223 XXX amp/seq,FluAV H12009pdm RNA.NA_I223 XXX amp/seq,PLT,For use with PYrosequencing - laboratories interested in using these codes should contact the PHLIP Technical Assistance team at phlip@aphl.org,Pyro results,20111114,,,,RM,
10790,Flu A 2009p,Pyro,A,,PLT242,FluAV H12009pdm RNA.NA_I223 Rto XXX SNP,FluAV H12009pdm RNA.NA_I223 Rto XXX SNP,PLT,For use with PYrosequencing - laboratories interested in using these codes should contact the PHLIP Technical Assistance team at phlip@aphl.org,(Non-coded structured number),20111114,,,,RM,
10800,Flu A 2009p,Pyro,A,,PLT238,FluAV H12009pdm RNA.NA_H275 Rto XXX SNP,FluAV H12009pdm RNA.NA_H275 Rto XXX SNP,PLT,For use with PYrosequencing - laboratories interested in using these codes should contact the PHLIP Technical Assistance team at phlip@aphl.org,Pyro results,20111114,,,,RM,
10810,Flu A 2009p,PCR,D,20190901,PLT511,FLUAV H1 2009pdm RNA XXX (Ct) PCR,Influenza Virus A H1 2009pdm RNA (Cycle Threshold #) in unspecified Specimen by Probe and target amplification method,PLT,"optional for reporting of Ct values
Use 0 to report ""not detected""
Replaced by 81305-5 as of Feb2018 release",(Non-coded structured number),20160120,20180305,new,"131, 171",RM,
10820,Flu A 2009p,PCR,D,20190901,PLT510,FLUAV pdm RNA XXX (Ct) PCR,Influenza Virus A pandemic RNA (Cycle Threshold #) in unspecified Specimen by Probe and target amplification method,PLT,"optional for reporting of Ct values
Use 0 to report ""not detected""
Replaced by 86317-5 as of Feb2018 release
Should be replaced by 88835-4 instead",(Non-coded structured number),20160120,"20180305, 20180907",new,"131, 171, 182",RM,
10830,Flu A 2009p,PCR,D,20190901,86317-5,FLUAV H1 2009 pand RNA Ct XXX Qn NAA+pr,Influenza virus A H1 2009 pandemic RNA [Cycle Threshold #] in Unspecified specimen by NAA with probe detection,LN,"optional for reporting of Ct values
Use 0 to report ""not detected""
Replaces PLT510 as of Feb2018 release - INCORRECT MAPPING!",(Non-coded structured number),20180305,20180907,new,"171, 182",RM,
10840,Flu A H1,HAI,A,,PLT14,Influenza Virus A H1 HAI on Isolate,Influenza Virus A H1 HAI on Isolate,PLT,,HAI results,20100301,,,,,
10850,Flu A H1,HAI,A,,85802-7,FLUAV H1 Ag Titr Islt HAI,Influenza virus A H1 Ag [Titer] in Isolate by Hemagglutination inhibition,LN,Replaces PLT276 as of Aug2018 release,(Non-coded structured number),20180907,,new,175,RM,
10860,Flu A H1,IF,A,,50701-2,FLUAV H1 Ag Islt Ql IF,Influenza virus A H1 Ag [Presence] in Isolate by Immunofluorescence,LN,supersedes PLT15,CF IF Neut result,20100301,20110124,replaced plt code,74,RM,
10870,Flu A H1,PCR,A,,80589-5,FLUAV H1 HA gene Nph Ql NAA+probe,Influenza virus A H1 HA gene [Presence] in Nasopharynx by NAA with probe detection,LN,For use with 78922-2^Resp path DNA+RNA Pnl Nph NAA+probe,Target PCR result,20190315,,,189,JS,
10880,Flu A H1,PCR,A,,74038-1,FLUAV H1 RNA Ct XXX Qn NAA+probe,Influenza virus A H1 RNA [Cycle Threshold #] in Unspecified specimen by NAA with probe detection,LN,"optional for reporting of Ct values
Use 0 to report ""not detected""",(Non-coded structured number),20160120,,new,131,RM,
10890,Flu A H1,PCR,A,,77026-3,FLUAV H1 RNA Nph Ql NAA+probe,Influenza virus A H1 RNA [Presence] in Nasopharynx by NAA with probe detection,LN,Allowed to accommodate existing coding for the FDA approved Genmark RVP,Target PCR result,20160216,,new code,145,RM,
10900,Flu A H1,PCR,A,,49520-0,FLUAV H1 RNA Islt Ql NAA+probe,Influenza virus A H1 RNA [Presence] in Isolate by NAA with probe detection,LN,,Target PCR result,20100301,,,,,
10910,Flu A H1,PCR,A,,49521-8,FLUAV H1 RNA XXX Ql NAA+probe,Influenza virus A H1 RNA [Presence] in Unspecified specimen by NAA with probe detection,LN,Supersedes PLT17,Target PCR result,20100301,20101028,"add comment, replaced plt code",66,EH,RM
10920,Flu A H1,non-PCR,A,,82167-8,FLUAV H1 RNA Nph Ql NAA+non-probe,Influenza virus A H1 RNA [Presence] in Nasopharynx by NAA with non-probe detection,LN,Film Array RVP#2,Target PCR result,20180907,,new code,183,RM,
10930,Flu A H1,HADI,D,20190301,PLT13,Influenza Virus A H1 HADI on Isolate,Influenza Virus A H1 HADI on Isolate,PLT,,CF IF Neut result,20100301,,,,,
10940,Flu A H1,HAI,D,20200901,PLT276,Influenza A H1 AG Titr ISLT HAI,Influenza A H1 AG Titr ISLT HAI,PLT,Replaced by 85802-7 as of Aug2018 release,(Non-coded structured number),20160216,20180907,got LOINC,"135, 175",RM,
10950,Flu A H16,HAI,A,,49519-2,FLUAV H16 Ab Titr Ser HAI,Influenza virus A H16 Ab [Titer] in Serum by Hemagglutination inhibition,LN,Supersedes PLT11,(Non-coded structured number),20100301,,,,,
10960,Flu A H3,HAI,A,,PLT20,Influenza Virus A H3 HAI on Isolate,Influenza Virus A H3 HAI on Isolate,PLT,,HAI results,20100301,,,,,
10970,Flu A H3,HAI,A,,85803-5,FLUAV H3 Ag Titr Islt HAI,Influenza virus A H3 Ag [Titer] in Isolate by Hemagglutination inhibition,LN,Replaces PLT277 as of Aug2018 release,(Non-coded structured number),20180907,,new,175,RM,
10980,Flu A H3,IF,A,,49522-6,FLUAV H3 Ag Islt Ql IF,Influenza virus A H3 Ag [Presence] in Isolate by Immunofluorescence,LN,supersedes PLT21,CF IF Neut result,20100301,20110124,replaced plt code,74,RM,
10990,Flu A H3,PCR,A,,74039-9,FLUAV H3 RNA Ct XXX Qn NAA+probe,Influenza virus A H3 RNA [Cycle Threshold #] in Unspecified specimen by NAA with probe detection,LN,to complete the Ct reporting panel,(Non-coded structured number),20180907,,new code,182,RM,
11000,Flu A H3,PCR,A,,77027-1,FLUAV H3 RNA Nph Ql NAA+probe,Influenza virus A H3 RNA [Presence] in Nasopharynx by NAA with probe detection,LN,Allowed to accommodate existing coding for the FDA approved Genmark RVP,Target PCR result,20160216,,new code,145,RM,
11010,Flu A H3,PCR,A,,49523-4,FLUAV H3 RNA Islt Ql NAA+probe,Influenza virus A H3 RNA [Presence] in Isolate by NAA with probe detection,LN,supersedes PLT22,Target PCR result,20100301,20110124,replaced plt code,70,RM,
11020,Flu A H3,PCR,A,,49524-2,FLUAV H3 RNA XXX Ql NAA+probe,Influenza virus A H3 RNA [Presence] in Unspecified specimen by NAA with probe detection,LN,Supersedes PLT23,Target PCR result,20100301,20101028,add comment,66,EH,RM
11030,Flu A H3,PCR,A,,80590-3,FLUAV H3 HA gene Nph Ql NAA+probe,Influenza virus A H3 HA gene [Presence] in Nasopharynx by NAA with probe detection,LN,For use with 78922-2^Resp path DNA+RNA Pnl Nph NAA+probe,Target PCR result,20190315,,,189,JS,
11040,Flu A H3,non-PCR,A,,82169-4,FLUAV H3 RNA Nph Ql NAA+non-probe,Influenza virus A H3 RNA [Presence] in Nasopharynx by NAA with non-probe detection,LN,Film Array RVP#2,Target PCR result,20180907,,new code,183,RM,
11050,Flu A H3,Seq,A,,PLT239,FluAV H3 RNA.NA XXX amp/seq,FluAV H3 RNA.NA XXX amp/seq,PLT,For use with PYrosequencing - laboratories interested in using these codes should contact the PHLIP Technical Assistance team at phlip@aphl.org,Pyro results,20111114,,,,RM,
11060,Flu A H3,HADI,D,20190301,PLT19,Influenza Virus A H3 HADI on Isolate,Influenza Virus A H3 HADI on Isolate,PLT,,CF IF Neut result,20100301,,,,,
11070,Flu A H3,HAI,D,20200901,PLT277,Influenza A H3 AG Titr ISLT HAI,Influenza A H3 AG Titr ISLT HAI,PLT,Replaced by 85803-5 as of Aug2018 release,(Non-coded structured number),20160216,20180907,got LOINC,"135, 175",RM,
11080,Flu A H3N2,Pyro,A,,PLT270,INFAH3N2_E119_NA_GENE_Pyrosequening,INFAH3N2_E119_NA_GENE_Pyrosequening,PLT,For use with PYrosequencing - laboratories interested in using these codes should contact the PHLIP Technical Assistance team at phlip@aphl.org,Pyro results,20121023,,,98,RM,
11090,Flu A H3N2,Pyro,A,,PLT272,INFAH3N2_N294_NA_GENE_Pyrosequening,INFAH3N2_N294_NA_GENE_Pyrosequening,PLT,For use with PYrosequencing - laboratories interested in using these codes should contact the PHLIP Technical Assistance team at phlip@aphl.org,Pyro results,20121023,,,98,RM,
11100,Flu A H3N2,Pyro,A,,PLT271,INFAH3N2_R292_NA_GENE_Pyrosequening,INFAH3N2_R292_NA_GENE_Pyrosequening,PLT,For use with PYrosequencing - laboratories interested in using these codes should contact the PHLIP Technical Assistance team at phlip@aphl.org,Pyro results,20121023,,,98,RM,
11110,Flu A H5 Asian,PCR,A,,81320-4,FLUAV H5 Asian RNA Ct Resp Qn NAA H5a,Influenza virus A H5 Asian RNA [Cycle Threshold #] in Respiratory specimen by Nucleic acid amplification using primer-probe set H5a,LN,"optional for reporting of Ct values
Use 0 to report ""not detected""
Replaces PLT512 as of Feb2018 release",(Non-coded structured number),20180305,,new,171,RM,
11120,Flu A H5 Asian,PCR,A,,81321-2,FLUAV H5 Asian RNA Ct Resp Qn NAA H5b,Influenza virus A H5 Asian RNA [Cycle Threshold #] in Respiratory specimen by Nucleic acid amplification using primer-probe set H5b,LN,"optional for reporting of Ct values
Use 0 to report ""not detected""
Replaces PLT513 as of Feb2018 release",(Non-coded structured number),20180305,,new,171,RM,
11130,Flu A H5,Sero,A,,49525-9,FLUAV H5 Ab Ser Ql,Influenza virus A H5 Ab [Presence] in Serum,LN,,EIA result,20100301,,,,,
11140,Flu A H5,IA,A,,PLT26,Influenza Virus A H5 (Ab) EIA,Influenza Virus A H5 (Ab) EIA,PLT,49525-9 did not include EIA - so reinstate,EIA result,20100301,,deprecated code,,,
11150,Flu A H5,PCR,A,,38272-1,FLUAV H5 RNA XXX Ql NAA+probe,Influenza virus A H5 RNA [Presence] in Unspecified specimen by NAA with probe detection,LN,supersedes PLT102,Conclusion PCR result,20100301,"20100820, 20110124","updated concept name to match LOINC shortname, replacd plt code",70,RM,
11160,Flu A H5,PCR,A,,49526-7,FLUAV H5 RNA Islt Ql NAA+probe,Influenza virus A H5 RNA [Presence] in Isolate by NAA with probe detection,LN,,Conclusion PCR result,20100301,,,,,
11170,Flu A H5a,PCR,A,,68986-9,FLUAV A H5a RNA XXX Ql NAA+probe,Influenza virus A H5a RNA [Presence] in Unspecified specimen by NAA with probe detection,LN,Replaces PLT187,Target PCR result,20111202,,,92,RM,
11180,Flu A H5a,PCR,D,20190901,PLT512,FLUAV H5a RNA XXX (Ct) PCR,Influenza Virus A H5a RNA (Cycle Threshold #) in unspecified Specimen by Probe and target amplification method,PLT,"optional for reporting of Ct values
Use 0 to report ""not detected""
Replaced by 81320-4 as of Feb2018 release",(Non-coded structured number),20160120,20180305,new,"131, 171",RM,
11190,Flu A H5b,PCR,A,,68987-7,FLUAV A H5b RNA XXX Ql NAA+probe,Influenza virus A H5b RNA [Presence] in Unspecified specimen by NAA with probe detection,LN,Replaces PLT188,Target PCR result,20111202,,,92,RM,
11200,Flu A H5b,PCR,D,20190901,PLT513,FLUAV H5b RNA XXX (Ct) PCR,Influenza Virus A H5b RNA (Cycle Threshold #) in unspecified Specimen by Probe and target amplification method,PLT,"optional for reporting of Ct values
Use 0 to report ""not detected""
Replaced by 81321-2 as of Feb2018 release",(Non-coded structured number),20160120,20180305,new,"131, 171",RM,
11210,Flu A H7 Eu,PCR,A,,81428-5,FLUAV H7 Euras RNA Resp Ql NAA+probe,Influenza virus A H7 Eurasia RNA [Presence] in Respiratory specimen by NAA with probe detection,LN,Replaces PLT311,Target PCR result,20170608,,new code,157,RM,
11220,Flu A H7 Eu,PCR,A,,81307-1,FLUAV H7 Euras RNA Ct Resp Qn NAA+probe,Influenza virus A H7 Eurasia RNA [Cycle Threshold #] in Respiratory specimen by NAA with probe detection,LN,"replaces PLT514
optional for reporting of Ct values
Use 0 when reporting not detected",(Non-coded structured number),20170608,,new code,157,RM,
11230,Flu A H7 Eu,PCR,D,20190901,PLT311,FLUAV EuH7 RNA XXX QL PCR,Influenza Virus A Eurasia H7 RNA [Presence] in unspecified Specimen by Probe and target amplification method,PLT,"For use with new Influenza H7 strain, should it be necessary - OLNY use in conjunction with the remaining H1, H3 and H1 2009pdm markers",Target PCR result,20130430,20170608,received LOINC,"102, 157",RM,
11240,Flu A H7,PCR,A,,38270-5,FLUAV H7 RNA XXX Ql NAA+probe,Influenza virus A H7 RNA [Presence] in Unspecified specimen by NAA with probe detection,LN,,Target PCR result,20100301,20100820,updated concept name to match LOINC shortname,,RM,
11250,Flu A H7,PCR,A,,49527-5,FLUAV H7 RNA Islt Ql NAA+probe,Influenza virus A H7 RNA [Presence] in Isolate by NAA with probe detection,LN,supersedes PLT33,Target PCR result,20100301,20110124,replaced plt code,70,RM,
11260,Flu A H9,PCR,A,,49528-3,FLUAV H9 RNA XXX Ql NAA+probe,Influenza virus A H9 RNA [Presence] in Unspecified specimen by NAA with probe detection,LN,supersedes PLT36,Target PCR result,20100301,20110124,replaced plt code,70,RM,
11270,Flu A N1,Neut,A,,39311-6,FLUAV N1 Ab Ser Ql Nt,Influenza virus A N1 Ab [Presence] in Serum by Neutralization test,LN,,CF IF Neut result,20100301,20100820,updated concept name to match LOINC shortname,,RM,
11280,Flu A N2,Neut,A,,39312-4,FLUAV N2 Ab Ser Ql Nt,Influenza virus A N2 Ab [Presence] in Serum by Neutralization test,LN,,CF IF Neut result,20100301,20100820,updated concept name to match LOINC shortname,,RM,
11290,Flu A N3,Neut,A,,39313-2,FLUAV N3 Ab Ser Ql Nt,Influenza virus A N3 Ab [Presence] in Serum by Neutralization test,LN,,CF IF Neut result,20100301,20100820,updated concept name to match LOINC shortname,,RM,
11300,Flu A N4,Neut,A,,39314-0,FLUAV N4 Ab Ser Ql Nt,Influenza virus A N4 Ab [Presence] in Serum by Neutralization test,LN,,CF IF Neut result,20100301,20100820,updated concept name to match LOINC shortname,,RM,
11310,Flu A N5,Neut,A,,39315-7,FLUAV N5 Ab Ser Ql Nt,Influenza virus A N5 Ab [Presence] in Serum by Neutralization test,LN,,CF IF Neut result,20100301,20100820,updated concept name to match LOINC shortname,,RM,
11320,Flu A N6,Neut,A,,39316-5,FLUAV N6 Ab Ser Ql Nt,Influenza virus A N6 Ab [Presence] in Serum by Neutralization test,LN,,CF IF Neut result,20100301,20100820,updated concept name to match LOINC shortname,,RM,
11330,Flu A N7,Neut,A,,39317-3,FLUAV N7 Ab Ser Ql Nt,Influenza virus A N7 Ab [Presence] in Serum by Neutralization test,LN,,CF IF Neut result,20100301,20100820,updated concept name to match LOINC shortname,,RM,
11340,Flu A N8,Neut,A,,39318-1,FLUAV N8 Ab Ser Ql Nt,Influenza virus A N8 Ab [Presence] in Serum by Neutralization test,LN,,CF IF Neut result,20100301,20100820,updated concept name to match LOINC shortname,,RM,
11350,Flu A N9,Neut,A,,39319-9,FLUAV N9 Ab Ser Ql Nt,Influenza virus A N9 Ab [Presence] in Serum by Neutralization test,LN,,CF IF Neut result,20100301,20100820,updated concept name to match LOINC shortname,,RM,
11360,Flu A swine origin,PCR,A,,88835-4,FLUAV swine RNA Ct XXX Qn NAA+probe,Influenza virus A swine origin RNA [Cycle Threshold #] in Unspecified specimen by NAA with probe detection,LN,"optional for reporting of Ct values
Use 0 to report ""not detected""
Replaces PLT510 as of Feb2018 release",(Non-coded structured number),20180305,,new,171,RM,
11370,Flu A swine origin,PCR,A,,55463-4,FLUAV swine RNA XXX NAA+probe,Influenza virus A swine origin RNA [Identifier] in Unspecified specimen by NAA with probe detection,LN,"Supersedes PLT103
",Results PLT103,20100301,20101028,add comment,66,EH,RM
11380,Flu A swine origin,PCR,A,,55464-2,FLUAV swine RNA XXX Ql NAA+probe,Influenza virus A swine origin RNA [Presence] in Unspecified specimen by NAA with probe detection,LN,supersedes PLT104,Target PCR result,20100301,20110124,replaced plt code,74,RM,
11390,Flu A+B,IA,A,,6437-8,FLUAV+FLUBV Ag XXX Ql IA,Influenza virus A+B Ag [Presence] in Unspecified specimen by Immunoassay,LN,,EIA result,20100301,20100820,updated concept name to match LOINC shortname,,RM,
11400,Flu A+B,IF,A,,61102-0,FLUAV + FLUBV Ag XXX IF,Influenza virus A and B Ag [Identifier] in Unspecified specimen by Immunofluorescence,LN,"Supersedes PLT101
",Flu A B virus screen DFA,20101028,20101129,"new code pending Feb2011 release, make active and change comment to reflect new LOINC code.",66,EH,RM
11410,Flu A+B,IF,A,,PLT94,Influenza Virus A and B DFA on Isolate,Influenza Virus A and B DFA on Isolate,PLT,,Flu A B virus screen DFA,20100301,,,,,
11420,Flu A+B,IF,A,,PLT108,Influenza A and B Virus IFA on Isolate,Influenza A and B Virus IFA on Isolate,PLT,,Flu viruses,20100301,,,,,
11430,Flu A+B,PCR,A,,49537-4,FLUAV + FLUBV RNA Islt NAA+probe,Influenza virus A and B RNA [Identifier] in Isolate by NAA with probe detection,LN,Supersedes PLT88,Results PLT171,20100301,20101129,change comment,70,EH,RM
11440,Flu A+B,PCR,A,,48509-4,FLUAV + FLUBV RNA XXX NAA+probe,Influenza virus A and B RNA [Identifier] in Unspecified specimen by NAA with probe detection,LN,Supersedes PLT89,Results PLT171,20100301,20101028,add comment,66,EH,RM
11450,Flu B,Cult,A,,38382-8,FLUBV XXX Ql Cult,Influenza virus B [Presence] in Unspecified specimen by Organism specific culture,LN,,Ql culture result,20100301,,,,,
11460,Flu B,CF,A,,5230-8,FLUBV Ab Titr Ser CF,Influenza virus B Ab [Titer] in Serum by Complement fixation,LN,,(Non-coded structured number),20100301,20100820,updated concept name to match LOINC shortname,,RM,
11470,Flu B,CF,A,,44568-4,FLUBV Ab Ser Ql CF,Influenza virus B Ab [Presence] in Serum by Complement fixation,LN,,CF IF Neut result,20100301,20100820,updated concept name to match LOINC shortname,,RM,
11480,Flu B,HAI,A,,PLT72,Influenza Virus B subtype HAI on Isolate,Influenza Virus B subtype HAI on Isolate,PLT,,Flu B lineage,20100301,,,,,
11490,Flu B,HAI,A,,50709-5,FLUBV Ab Titr Ser HAI,Influenza virus B Ab [Titer] in Serum by Hemagglutination inhibition,LN,Supersedes PLT62,(Non-coded structured number),20100301,,,1,RM,
11500,Flu B,IA,A,,49533-3,FLUBV Ab Ser Ql IA,Influenza virus B Ab [Presence] in Serum by Immunoassay,LN,Supersedes PLT61,EIA result,20100301,,,1,RM,
11510,Flu B,IA,A,,5866-9,FLUBV Ag XXX Ql IA,Influenza virus B Ag [Presence] in Unspecified specimen by Immunoassay,LN,,EIA result,20100301,20100820,updated concept name to match LOINC shortname,,RM,
11520,Flu B,IF,A,,5867-7,FLUBV Ag XXX Ql IF,Influenza virus B Ag [Presence] in Unspecified specimen by Immunofluorescence,LN,supersedes PLT64 and PLT66,CF IF Neut result,20100301,"20100820, 20110124","updated concept name to match LOINC shortname, replaced plt codes",75,RM,
11530,Flu B,IF,A,,49534-1,FLUBV Ag Islt Ql IF,Influenza virus B Ag [Presence] in Isolate by Immunofluorescence,LN,"Supersedes PLT68, PLT65 and PLT67",CF IF Neut result,20100301,20110124,replaced plt codes,"1, 70",RM,
11540,Flu B,PCR,A,,40982-1,FLUBV RNA XXX Ql NAA+probe,Influenza virus B RNA [Presence] in Unspecified specimen by NAA with probe detection,LN,supersedes PLT70 and PLT98,Target PCR result,20100301,"20100820, 20110127","updated concept name to match LOINC shortname, replaced plt codes",70,RM,
11550,Flu B,PCR,A,,81309-7,FLUBV RNA Ct Resp Qn NAA+probe,Influenza virus B RNA [Cycle Threshold #] in Respiratory specimen by NAA with probe detection,LN,"optional for reporting of Ct values
Use 0 to report ""not detected""
Replaces PLT515 as of Feb2018 release",(Non-coded structured number),20180305,,new,171,RM,
11560,Flu B,PCR,A,,80591-1,FLUBV NS gene Nph Ql NAA+probe,Influenza virus B NS gene [Presence] in Nasopharynx by NAA with probe detection,LN,For use with 78922-2^Resp path DNA+RNA Pnl Nph NAA+probe,Target PCR result,20190315,,,189,JS,
11570,Flu B,PCR,A,,74784-0,FLUBV lineage RNA XXX NAA+probe,Influenza virus B lineage RNA [Identifier] in Unspecified specimen by NAA with probe detection,LN,"Replaces PLT269, when used for reporting conclusion results on the Flu BV subtyping kit",Flu B lineage PCR,20140605,,new,112,RM,
11580,Flu B,PCR,A,,49535-8,FLUBV RNA Islt Ql NAA+probe,Influenza virus B RNA [Presence] in Isolate by NAA with probe detection,LN,supersedes PLT69 and PLT71,Target PCR result,20100301,20110124,replaced plt codes,70,RM,
11590,Flu B,PCR,A,,76080-1,FLUBV RNA Nph Ql NAA+probe,Influenza virus B RNA [Presence] in Nasopharynx by NAA with probe detection,LN,Allowed to accommodate existing coding for the FDA approved Genmark RVP,Target PCR result,20160216,,new code,145,RM,
11600,Flu B,non-PCR,A,,82170-2,FLUBV RNA Nph Ql NAA+non-probe,Influenza virus B RNA [Presence] in Nasopharynx by NAA with non-probe detection,LN,Film Array RVP#2,Target PCR result,20180907,,new code,183,RM,
11610,Flu B,Seq,A,,PLT73,Influenza Virus B subtype Sequencing on Isolate,Influenza Virus B subtype Sequencing on Isolate,PLT,,Flu B lineage,20100301,,,,,
11620,Flu B,PCR,D,20190901,PLT515,FLUBV RNA XXX (Ct) PCR,Influenza Virus B RNA (Cycle Threshold #) in unspecified Specimen by Probe and target amplification method,PLT,"optional for reporting of Ct values
Use 0 to report ""not detected""
Replaced by 81309-7 as of Feb2018 release",(Non-coded structured number),20160120,20180305,new,"131, 171",RM,
11630,Flu B Vic,HADI,A,,PLT519,FLUBV Vic Ag XXX Ql HADI,Influenza Virus B Victoria AG [Presence] on Isolate by Hemagglutination Adsorption,PLT,,CF IF Neut result,20160216,,new code,135,RM,
11640,Flu B Vic,HAI,A,,85821-7,FLUBV Vic Ag Islt Ql HAI,Influenza virus B Victoria lineage Ag [Presence] in Isolate by Hemagglutination inhibition,LN,"Used to report individual AG HAI results
replaced PLT492 as of Feb2018 release",HAI results,20180305,,new,171,RM,
11650,Flu B Vic,HAI,A,,PLT281,Influenza B Victoria lineage AG Titr ISLT HAI,Influenza B Victoria lineage AG Titr ISLT HAI,PLT,,(Non-coded structured number),20160216,,new,135,RM,
11660,Flu B Vic,PCR,A,,81327-9,FLUBV Vic RNA Ct Resp Qn NAA+probe,Influenza virus B Victoria lineage RNA [Cycle Threshold #] in Respiratory specimen by NAA with probe detection,LN,"optional for reporting of Ct values
Use 0 to report ""not detected""
Replaces PLT516 as of Feb2018 release",(Non-coded structured number),20180305,,new,171,RM,
11670,Flu B Vic,PCR,A,,74785-7,FLUBV Vic RNA XXX Ql NAA+probe,Influenza virus B Victoria lineage RNA [Presence] in Unspecified specimen by NAA with probe detection,LN,Replaces PLT 348,Target PCR result,20140605,,new,112,RM,
11680,Flu B Vic,HAI,D,20190901,PLT492,Flu BV Vic ISLT Ql HAI,Influenza Virus B Victoria lineage [Presence] HAI on Isolate,PLT,"Used to report individual AG HAI results
Replaced by 85821-7 as of Feb2018 release",HAI results,20150427,20180305,Change,"128, 171",RM,
11690,Flu B Vic,PCR,D,20190901,PLT516,FLUBV Vic RNA XXX (Ct) PCR,Influenza Virus B Victoria RNA (Cycle Threshold #) in unspecified Specimen by Probe and target amplification method,PLT,"optional for reporting of Ct values
Use 0 to report ""not detected""
Replaced by 81327-9 as of Feb2018 release",(Non-coded structured number),20160120,20180305,new,"131, 171",RM,
11700,Flu B Yam,HADI,A,,PLT520,FLUBV Yam Ag XXX Ql HADI,Influenza Virus B Yamagata AG [Presence] on Isolate by Hemagglutination Adsorption,PLT,,CF IF Neut result,20160216,,new code,135,RM,
11710,Flu B Yam,HAI,A,,85801-9,FLUBV Yam Ag Titr Islt HAI,Influenza virus B Yamagata lineage Ag [Titer] in Isolate by Hemagglutination inhibition,LN,Replaces PLT280 as of Aug2018 release,(Non-coded structured number),20180907,,new,175,RM,
11720,Flu B Yam,HAI,A,,86318-3,FLUBV Yam Ag Islt Ql HAI,Influenza virus B Yamagata lineage Ag [Presence] in Isolate by Hemagglutination inhibition,LN,"Used to report individual AG HAI results
replaces PLT493 as of Feb2018 release",HAI results,20180305,,new,171,RM,
11730,Flu B Yam,PCR,A,,74786-5,FLUBV Yam RNA XXX Ql NAA+probe,Influenza virus B Yamagata lineage RNA [Presence] in Unspecified specimen by NAA with probe detection,LN,Replaces PLT 349,Target PCR result,20140605,,new,112,RM,
11740,Flu B Yam,PCR,A,,81325-3,FLUBV Yam RNA Ct Resp Qn NAA+probe,Influenza virus B Yamagata lineage RNA [Cycle Threshold #] in Respiratory specimen by NAA with probe detection,LN,"optional for reporting of Ct values
Use 0 to report ""not detected""
Replaces PLT517 as of Feb2018 release",(Non-coded structured number),20180305,,new,171,RM,
11750,Flu B Yam,HAI,D,20200901,PLT280,Influenza B Yamagata lineage AG Titr ISLT HAI,Influenza B Yamagata lineage AG Titr ISLT HAI,PLT,Replaced by 85801-9 as of Aug2018 release,(Non-coded structured number),20160216,20180907,got LOINC,"135, 175",RM,
11760,Flu B Yam,HAI,D,20190901,PLT493,Flu BV Yam ISLT Ql HAI,Influenza Virus B Yamagata lineage [Presence] HAI on Isolate,PLT,"Used to report individual AG HAI results
Replaced by 86318-3 as of Feb2018 release",HAI results,20150427,20180305,Change,"128, 171",RM,
11770,Flu B Yam,PCR,D,20190901,PLT517,FLUBV Yam RNA XXX (Ct) PCR,Influenza Virus B Yamagata RNA (Cycle Threshold #) in unspecified Specimen by Probe and target amplification method,PLT,"optional for reporting of Ct values
Use 0 to report ""not detected""
Replaced by 81325-3 as of Feb2018 release",(Non-coded structured number),20160120,20180305,new,"131, 171",RM,
11780,Astrovirus,non-PCR,A,,82210-6,Astro typ 1-8 RNA Stl Ql NAA+non-probe,Astrovirus subtypes 1-8 RNA [Presence] in Stool by NAA with non-probe detection,LN,Needed for NRVESS reporting,Target PCR result,20180907,,new code,177,RM,
11790,Bordetella,PCR,A,,80601-8 ,B pert+parap+bronc gidA Nph Ql NAA+probe,Bordetella pertussis+parapertussis+bronchiseptica gidA gene [Presence] in Nasopharynx by NAA with probe detection,LN,For use with 78922-2^Resp path DNA+RNA Pnl Nph NAA+probe,Target PCR result,20190315,,,189,JS,
11800,B. bronch,PCR,A,,45271-4  ,B bronch DNA Nph Ql NAA+probe,Bordetella bronchiseptica DNA [Presence] in Nasopharynx by NAA with probe detection,LN,For use with 78922-2^Resp path DNA+RNA Pnl Nph NAA+probe,Target PCR result,20190315,,,189,JS,
11810,B. holmesii,PCR,A,,80599-4  ,B holmesii fumC Nph Ql NAA+probe,Bordetella holmesii fumC gene [Presence] in Nasopharynx by NAA with probe detection,LN,For use with 78922-2^Resp path DNA+RNA Pnl Nph NAA+probe,Target PCR result,20190315,,,189,JS,
11820,B. parapert,PCR,A,,29723-4,B parapert DNA XXX Ql NAA+probe,Bordetella parapertussis DNA [Presence] in Unspecified specimen by NAA with probe detection,LN,To accommodate non nasopharyngeal swab specimen testing,Target PCR result,20180907,,new code,183,RM,
11830,B. parapert,PCR,A,,42588-4,B parapert DNA Nph Ql NAA+probe,Bordetella parapertussis DNA [Presence] in Nasopharynx by NAA with probe detection,LN,For use with 78922-2^Resp path DNA+RNA Pnl Nph NAA+probe,Target PCR result,20190315,,,189,JS,
11840,B. parapert,non-PCR,A,,87621-9,B parap IS1001 DNA Nph Ql NAA+non-probe,Bordetella parapertussis IS1001 DNA [Presence] in Nasopharynx by NAA with non-probe detection,LN,Film Array RVP#2,Target PCR result,20180907,,new code,183,RM,
11850,B. pert,PCR,A,,80600-0 ,B pert.PT prom reg Nph Ql NAA+probe,Bordetella pertussis.pertussis toxin promoter region [Presence] in Nasopharynx by NAA with probe detection,LN,For use with 78922-2^Resp path DNA+RNA Pnl Nph NAA+probe,Target PCR result,20190315,,,189,JS,
11860,B. pert,PCR,A,,43913-3  ,B pert DNA Nph Ql NAA+probe,Bordetella pertussis DNA [Presence] in Nasopharynx by NAA with probe detection,LN,For use with 78922-2^Resp path DNA+RNA Pnl Nph NAA+probe,Target PCR result,20190315,,,189,JS,
11870,B. pert,PCR,A,,23826-1,B pert DNA XXX Ql NAA+probe,Bordetella pertussis DNA [Presence] in Unspecified specimen by NAA with probe detection,LN,For reporting nominal results unde the Filmatrray respiratory pathogen test used in USAF.,Target PCR result,20130821,,,105,RM,
11880,B. pert,non-PCR,A,,82179-3,B pert.PT prom reg Nph Ql NAA+non-probe,Bordetella pertussis.pertussis toxin promoter region [Presence] in Nasopharynx by NAA with non-probe detection,LN,Film Array RVP#2,Target PCR result,20180907,,new code,183,RM,
11890,Chlamydophila,PCR,A,,88718-2,C pneum DNA Nph Ql NAA+probe,Chlamydophila pneumoniae DNA [Presence] in Nasopharynx by NAA with probe detection,LN,For use with 78922-2^Resp path DNA+RNA Pnl Nph NAA+probe,Target PCR result,20190315,,,189,JS,
11900,Chlamydophila,PCR,A,,34645-2,C pneum DNA XXX Ql NAA+probe,Chlamydophila pneumoniae DNA [Presence] in Unspecified specimen by NAA with probe detection,LN,For reporting nominal results unde the Filmatrray respiratory pathogen test used in USAF.,Target PCR result,20130821,,,105,RM,
11910,Chlamydophila,non-PCR,A,,82178-5,C pneum DNA Nph Ql NAA+non-probe,Chlamydophila pneumoniae DNA [Presence] in Nasopharynx by NAA with non-probe detection,LN,Film Array RVP#2,Target PCR result,20180907,,new code,183,RM,
11920,C. difficile,PCR,A,,80685-1,Cdiff tox tcdA+tcdB Stl Ql NAA+probe^LN,Clostridium difficile toxin A+B tcdA+tcdB genes [Presence] in Stool by NAA with probe detection,LN,For the Luminex xTAG Gastrointestinal Pathogen Panel,Target PCR result,20190422,,,188,JS,
11930,C. difficile,non-PCR,A,,82197-5,Cdiff tox tcdA+tcdB Stl Ql NAA+non-probe,Clostridium difficile toxin A+B tcdA+tcdB genes [Presence] in Stool by NAA with non-probe detection,LN,Needed for NRVESS reporting,Target PCR result,20180907,,new code,177,RM,
11940,Campylobacter,PCR,A,,80684-4,C coli+jej+lar 16S rRNA Stl Ql NAA+probe^LN,Campylobacter coli+jejuni+lari 16S rRNA [Presence] in Stool by NAA with probe detection,LN,For the Luminex xTAG Gastrointestinal Pathogen Panel,Target PCR result,20190422,,,188,JS,
11950,Campylobacter,non-PCR,A,,82196-7,C coli+jej+upsa DNA Stl Ql NAA+non-probe,Campylobacter coli+jejuni+upsaliensis DNA [Presence] in Stool by NAA with non-probe detection,LN,Needed for NRVESS reporting,Target PCR result,20180907,,new code,177,RM,
11960,CMV,Cult,A,,5838-8,CMV XXX Ql Cult,Cytomegalovirus [Presence] in Unspecified specimen by Organism specific culture,LN,,Ql culture result,20100301,,,,,
11970,CMV,IF,A,,67805-2,CMV Ag Islt Ql IF,Cytomegalovirus Ag [Presence] in Isolate by Immunofluorescence,LN,Replaces PLT254,CF IF Neut result,20111202,,,92,RM,
11980,Cryptosporidium,PCR,A,,80681-0,C parvum+hominis COWP Stl Ql NAA+probe^LN,Cryptosporidium parvum+hominis oocyst wall protein (COWP) gene [Presence] in Stool by NAA with probe detection,LN,For the Luminex xTAG Gastrointestinal Pathogen Panel,Target PCR result,20190422,,,188,JS,
11990,Cryptosporidium,non-PCR,A,,82205-6,Cryptosp DNA Stl Ql NAA+non-probe,Cryptosporidium sp DNA [Presence] in Stool by NAA with non-probe detection,LN,Needed for NRVESS reporting,Target PCR result,20180907,,new code,177,RM,
12000,Cyclospora,non-PCR,A,,82206-4,C cayetanensis DNA Stl Ql NAA+non-probe,Cyclospora cayetanensis DNA [Presence] in Stool by NAA with non-probe detection,LN,Needed for NRVESS reporting,Target PCR result,20180907,,new code,177,RM,
12010,E. coli,non-PCR,A,,80349-4,EAEC pAA plas aggR+aatA St NAA+non-prb,Escherichia coli enteroaggregative pAA plasmid aggR+aatA genes [Presence] in Stool by NAA with non-probe detection,LN,Needed for NRVESS reporting,Target PCR result,20180907,,new code,177,RM,
12020,E. coli,non-PCR,A,,82203-1,EC stx1+stx2 genes Stl Ql NAA+non-probe,Escherichia coli Stx1 and Stx2 toxin stx1+stx2 genes [Presence] in Stool by NAA with non-probe detection,LN,Needed for NRVESS reporting,Target PCR result,20180907,,new code,177,RM,
12030,E. coli,non-PCR,A,,80348-6,EPEC eae gene Stl Ql NAA+non-probe,Escherichia coli enteropathogenic eae gene [Presence] in Stool by NAA with non-probe detection,LN,Needed for NRVESS reporting,Target PCR result,20180907,,new code,177,RM,
12040,E. coli,non-PCR,A,,82204-9,E coli O157 DNA Stl Ql NAA+non-probe,Escherichia coli O157 DNA [Presence] in Stool by NAA with non-probe detection,LN,Needed for NRVESS reporting,Target PCR result,20180907,,new code,177,RM,
12050,E. coli,non-PCR,A,,80351-0,ETEC ltA+st1a+st1b tox St NAA+non-probe,Escherichia coli enterotoxigenic ltA+st1a+st1b genes [Presence] in Stool by NAA with non-probe detection,LN,Needed for NRVESS reporting,Target PCR result,20180907,,new code,177,RM,
12060,E. coli ETEC,PCR,A,,80677-8,ETEC eltA+estB genes Stl Ql NAA+probe^LN,Escherichia coli enterotoxigenic eltA+estB genes [Presence] in Stool by NAA with probe detection,LN,For the Luminex xTAG Gastrointestinal Pathogen Panel,Target PCR result,20190422,,,188,JS,
12070,E. coli O157,PCR,A,,80676-0,EC O157 rfbE gene Stl Ql NAA+probe^LN,Escherichia coli O157 rfbE gene [Presence] in Stool by NAA with probe detection,LN,For the Luminex xTAG Gastrointestinal Pathogen Panel,Target PCR result,20190422,,,188,JS,
12080,E. coli STEC,PCR,A,,80679-4,EC stx1+stx2 genes Stl Ql NAA+probe^LN,Escherichia coli Stx1 and Stx2 toxin stx1+stx2 genes [Presence] in Stool by NAA with probe detection,LN,For the Luminex xTAG Gastrointestinal Pathogen Panel,Target PCR result,20190422,,,188,JS,
12090,EV,Cult,A,,86322-5,EV XXX Ql Cult,Enterovirus [Presence] in Unspecified specimen by Organism specific culture,LN,Replaces PLT495,Ql culture result,20180124,,updated,167,RM,
12100,EV,Cult,A,,5843-8,EV XXX Cult,Enterovirus identified in Unspecified specimen by Organism specific culture,LN,,Respiratory viruses,20100301,,,,,
12110,EV,IF,A,,43364-9,EV XXX IF,Enterovirus identified in Unspecified specimen by Immunofluorescence,LN,,Respiratory viruses,20100301,,,,,
12120,EV,IF,A,,86323-3,EV Ag XXX Ql IF,Enterovirus Ag [Presence] in Unspecified specimen by Immunofluorescence,LN,,CF IF Neut result,20180124,,new code,166,RM,
12130,EV,IF,A,,PLT263,Enterovirus AG Islt Ql DFA,Enterovirus [Presence] in Isolate by Immunofluorescence,PLT,For use in FL at this point,CF IF Neut result,20111202,,,91,RM,
12140,EV,IF,A,,5840-4,EV Islt IF,Enterovirus identified in Isolate by Immunofluorescence,LN,,Respiratory viruses,20140804,,new,116,RM,
12150,EV,PCR,A,,76074-4,EV RNA Nph Ql NAA+probe,Enterovirus RNA [Presence] in Nasopharynx by NAA with probe detection,LN,For use with 78922-2^Resp path DNA+RNA Pnl Nph NAA+probe,Target PCR result,20190315,,,189,JS,
12160,EV,PCR,A,,29591-5,EV RNA XXX Ql NAA+probe,Enterovirus RNA [Presence] in Unspecified specimen by NAA with probe detection,LN,,Target PCR result,20100301,,,,,
12170,EV,PCR,A,,60528-7,EV subtype XXX NAA+probe,Enterovirus subtype in Unspecified specimen by NAA with probe detection,LN,,Respiratory pathogen PCR,20101028,,new code,67,EH,RM
12180,EV,Cult,D,20190901,PLT495,EV XXX Ql cult,Enterovirus [Presence] in Unspecified Specimen by organism specific cultre,PLT,"Needed for NRVESS reporting
Replaced by 86322-5",Ql culture result,20170124,20170124,change,"123, 167",RM,
12190,EV,IF,D,20190901,PLT494,EV XXX Ql IF,Enterovirus [Presence] in Unspecified Specimen by Immunoflorescence,PLT,"Needed for NRVESS reporting
Replaced by 86323-3 as of Feb2018 release",Ql culture result,20150427,20180305,change,"123, 171",RM,
12200,EV D68,PCR,A,,76072-8,EV D68 RNA XXX Ql NAA+probe,Enterovirus D68 RNA [Presence] in Unspecified specimen by NAA with probe detection,LN,,Conclusion PCR result,20150427,,new,123,RM,
12210,Rhinovirus+EV,PCR,A,,40991-2,RV+EV RNA XXX Ql NAA+probe,Rhinovirus+Enterovirus RNA [Presence] in Unspecified specimen by NAA with probe detection,LN,For reporting nominal results unde the Filmatrray respiratory pathogen test used in USAF.,Target PCR result,20130821,,,105,RM,
12220,Rhinovirus+EV,PCR,A,,88721-6,RV+EV RNA Nph Ql NAA+probe,Rhinovirus+Enterovirus RNA [Presence] in Nasopharynx by NAA with probe detection,LN,For use with 78922-2^Resp path DNA+RNA Pnl Nph NAA+probe,Target PCR result,20190315,,,189,JS,
12230,Rhinovirus+EV,non-PCR,A,,82175-1,RV+EV RNA Nph Ql NAA+non-probe,Rhinovirus+Enterovirus RNA [Presence] in Nasopharynx by NAA with non-probe detection,LN,Film Array RVP#2,Target PCR result,20180907,,new code,183,RM,
12240,Entamoeba,non-PCR,A,,82207-2,E histolyt DNA Stl Ql NAA+non-probe,Entamoeba histolytica DNA [Presence] in Stool by NAA with non-probe detection,LN,Needed for NRVESS reporting,Target PCR result,20180907,,new code,177,RM,
12250,Giardia,PCR,A,,80683-6,G lamblia 18S rRNA Stl Ql NAA+probe^LN,Giardia lamblia 18S rRNA [Presence] in Stool by NAA with probe detection,LN,For the Luminex xTAG Gastrointestinal Pathogen Panel,Target PCR result,20190422,,,188,JS,
12260,Giardia,non-PCR,A,,82208-0,G lamblia DNA Stl Ql NAA+non-probe,Giardia lamblia DNA [Presence] in Stool by NAA with non-probe detection,LN,Needed for NRVESS reporting,Target PCR result,20180907,,new code,177,RM,
12270,HAdV,Cult,A,,55095-4,HAdV XXX Ql Cult,Adenovirus [Presence] in Unspecified specimen by Organism specific culture,LN,,Ql culture result,20160216,,new code,146,RM,
12280,HAdV,Cult,A,,9782-4,Adenovirus XXX Cult,Adenovirus sp identified in Unspecified specimen by Organism specific culture,LN,,Respiratory viruses,20110325,,,80,RM,
12290,HAdV,IA,A,,5833-9,HAdV Ag XXX Ql IA,Adenovirus Ag [Presence] in Unspecified specimen by Immunoassay,LN,Needed for NRVESS reporting,EIA result,20180907,,new code,173,RM,
12300,HAdV,IF,A,,5834-7,HAdV Ag XXX Ql IF,Adenovirus Ag [Presence] in Unspecified specimen by Immunofluorescence,LN,,CF IF Neut result,20100301,,,,,
12310,HAdV,PCR,A,,39528-5,HAdV DNA XXX Ql NAA+probe,Adenovirus DNA [Presence] in Unspecified specimen by NAA with probe detection,LN,,Target PCR result,20100301,,,,,
12320,HAdV,PCR,A,,80586-1 ,Adenovirus hexon gene Nph Ql NAA+probe,Adenovirus hexon gene [Presence] in Nasopharynx by NAA with probe detection,LN,For use with 78922-2^Resp path DNA+RNA Pnl Nph NAA+probe,Target PCR result,20190315,,,189,JS,
12330,HAdV,non-PCR,A,,82160-3,HAdV DNA Nph Ql NAA+non-probe,Adenovirus DNA [Presence] in Nasopharynx by NAA with non-probe detection,LN,Film Array RVP#2,Target PCR result,20180907,,new code,183,RM,
12340,Norovirus,PCR,A,,56748-7,Norovirus RNA XXX Ql NAA+probe,Norovirus RNA [Presence] in Unspecified specimen by NAA with probe detection,LN,,Target PCR result,20190502,,,189,JS,
12350,HAdV 11,PCR,A,,86330-8,AdV B(11) DNA XXX Ql NAA+probe,Adenovirus B(11) DNA [Presence] in Unspecified specimen by NAA with probe detection,LN,Needed for NRVESS reporting. Replaces PLT502^HAdV 11 DNA XXX Ql PCR,Conclusion PCR result,20190405,,,135,JS,
12360,HAdV 11,PCR,D,20210405,PLT502,HAdV 11 DNA XXX Ql PCR,Adenovirus type 11 DNA [Presence] in Unspecified Specimen by PCR,PLT,,Target PCR result,20160216,20190405,"Deprecated, replaced by 86330-8",135,RM,JS
12370,HAdV 14,PCR,A,,86331-6,AdV B(14) DNA XXX Ql NAA+probe,Adenovirus B(14) DNA [Presence] in Unspecified specimen by NAA with probe detection,LN,Needed for NRVESS reporting. Replaces PLT503^HAdV 14 DNA XXX Ql PCR,Conclusion PCR result,20190405,,,135,JS,
12380,HAdV 14,PCR,D,20210405,PLT503,HAdV 14 DNA XXX Ql PCR,Adenovirus type 14 DNA [Presence] in Unspecified Specimen by PCR,PLT,,Target PCR result,20160216,20190405,"Deprecated, replaced by 86331-6",135,RM,JS
12390,HAdV 16,PCR,A,,86329-0,AdV B(16) DNA XXX Ql NAA+probe,Adenovirus B(16) DNA [Presence] in Unspecified specimen by NAA with probe detection,LN,Needed for NRVESS reporting. Replaces PLT504^HAdV 16 DNA XXX Ql PCR,Conclusion PCR result,20190405,,,135,JS,
12400,HAdV 16,PCR,D,20210405,PLT504,HAdV 16 DNA XXX Ql PCR,Adenovirus type 16 DNA [Presence] in Unspecified Specimen by PCR,PLT,,Target PCR result,20160216,20190405,"Deprecated, replaced by 86329-0",135,RM,JS
12410,HAdV 21,PCR,A,,86328-2,AdV B(21) DNA XXX Ql NAA+probe,Adenovirus B(21) DNA [Presence] in Unspecified specimen by NAA with probe detection,LN,Needed for NRVESS reporting. Replaces PLT505^HAdV 21 DNA XXX Ql PCR,Conclusion PCR result,20190405,,,135,JS,
12420,HAdV 21,PCR,D,20210405,PLT505,HAdV 21 DNA XXX Ql PCR,Adenovirus type 21 DNA [Presence] in Unspecified Specimen by PCR,PLT,,Target PCR result,20160216,20190405,"Deprecated, replaced by 86328-2",135,RM,JS
12430,HAdV 3,PCR,A,,86334-0,AdV B(3) DNA XXX Ql NAA+probe,Adenovirus B(3) DNA [Presence] in Unspecified specimen by NAA with probe detection,LN,Needed for NRVESS reporting. Replaces PLT499^HAdV 3 DNA XXX Ql PCR,Conclusion PCR result,20190405,,,135,JS,
12440,HAdV 3,PCR,D,20210405,PLT499,HAdV 3 DNA XXX Ql PCR,Adenovirus type 3 DNA [Presence] in Unspecified Specimen by PCR,PLT,,Target PCR result,20160216,20190405,"Deprecated, replaced by 86334-0",135,RM,JS
12450,HAdV 4,PCR,A,,86333-2,AdV E(4) DNA XXX Ql NAA+probe,Adenovirus E(4) DNA [Presence] in Unspecified specimen by NAA with probe detection,LN,Needed for NRVESS reporting. Replaces PLT500^HAdV 4 DNA XXX Ql PCR,Conclusion PCR result,20190405,,,135,JS,
12460,HAdV 4,PCR,D,20210405,PLT500,HAdV 4 DNA XXX Ql PCR,Adenovirus type 4 DNA [Presence] in Unspecified Specimen by PCR,PLT,,Target PCR result,20160216,20190405,"Deprecated, replaced by 86333-2",135,RM,JS
12470,HAdV 40+41,IA,A,,6306-5,AdV 40+41 Ag Stl Ql IA,Adenovirus 40+41 Ag [Presence] in Stool by Immunoassay,LN,Needed for NRVESS reporting,EIA result,20180907,,new code,173,RM,
12480,HAdV 40+41,non-PCR,A,,82209-8,AdV 40+41 DNA Stl Ql NAA+non-probe,Adenovirus 40+41 DNA [Presence] in Stool by NAA with non-probe detection,LN,Needed for NRVESS reporting,Target PCR result,20180907,,new code,177,RM,
12490,HAdV 7,PCR,A,,86332-4,AdV B(7) DNA XXX Ql NAA+probe,Adenovirus B(7) DNA [Presence] in Unspecified specimen by NAA with probe detection,LN,Needed for NRVESS reporting. Replaces PLT501^HAdV 7 DNA XXX Ql PCR,Conclusion PCR result,20190405,,,135,JS,
12500,HAdV 7,PCR,D,20210405,PLT501,HAdV 7 DNA XXX Ql PCR,Adenovirus type 7 DNA [Presence] in Unspecified Specimen by PCR,PLT,,Target PCR result,20160216,20190405,"Deprecated, replaced by 86332-4",135,RM,JS
12510,HAdV B,PCR,A,,PLT345,Adenovirus B DNA XXX Ql PCR,Human Adenovirus B DNA [Presence] in Unspecified Specimen by Probe and target amplification method,PLT,For use with non FDA apporved Genmark eSnesor test,Target PCR result,20130821,,,106,RM,
12520,HAdV B+E,PCR,A,,PLT363,Adenovirus B + E DNA XXX Ql PCR,Human Adenovirus B and E DNA [Presence] in Unspecified Specimen by Probe and target amplification method,PLT,"Needed a new code for Genmark Adenovirus B + E for samples from non-nasopharyngeal sources - similar to LOINC 73755-1^HAdV B+E DNA Nph Ql PCR, just for change system to XXX",Target PCR result,20140225,,,110,RM,
12530,HAdV B+E,PCR,A,,73755-1,AdV B+E DNA Nph Ql NAA+probe,Adenovirus B+E DNA [Presence] in Nasopharynx by NAA with probe detection,LN,For use with FDA approved Genmark eSensor test,Target PCR result,20130821,,,103,RM,
12540,HAdV C,PCR,A,,PLT347,Adenovirus C DNA XXX Ql PCR,Human Adenovirus C DNA [Presence] in Unspecified Specimen by Probe and target amplification method,PLT,For use with non FDA apporved Genmark eSnesor test,Target PCR result,20130821,,,106,RM,
12550,HAdV C,PCR,A,,73754-4,AdV C DNA Nph Ql NAA+probe,Adenovirus C DNA [Presence] in Nasopharynx by NAA with probe detection,LN,For use with FDA approved Genmark eSensor test,Target PCR result,20130821,,,104,RM,
12560,HAdV E,PCR,A,,PLT346,Adenovirus E DNA XXX Ql PCR,Human Adenovirus E DNA [Presence] in Unspecified Specimen by Probe and target amplification method,PLT,For use with non FDA apporved Genmark eSnesor test,Target PCR result,20130821,,,106,RM,
12570,HAdV multi,PCR,A,,88716-6,HAdV A+B+C+D+E+F DNA Nph Ql NAA+probe,Adenovirus A+B+C+D+E+F DNA [Presence] in Nasopharynx by NAA with probe detection,LN,For use with 78922-2^Resp path DNA+RNA Pnl Nph NAA+probe,Target PCR result,20190315,,,189,JS,
12580,HBoV,PCR,A,,62424-7,HBoV DNA XXX Ql NAA+probe,Human bocavirus DNA [Presence] in Unspecified specimen by NAA with probe detection,LN,Replaces PLT95,Target PCR result,20160120,,new,132,RM,
12590,HCoV,PCR,A,,41000-1,HCoV RNA XXX NAA+probe,Human coronavirus RNA [Identifier] in Unspecified specimen by NAA with probe detection,LN,For reporting nominal results unde the Filmatrray respiratory pathogen test used in USAF.,Respiratory pathogen PCR,20130821,,,105,RM,
12600,HCoV 229E,PCR,A,,41003-5,HCoV 229E RNA XXX Ql NAA+probe,Human coronavirus 229E RNA [Presence] in Unspecified specimen by NAA with probe detection,LN,For use with non FDA apporved Genmark eSnesor test,Target PCR result,20130821,,,106,RM,
12610,HCoV 229E,non-PCR,A,,82163-7,HCoV 229E RNA Nph Ql NAA+non-probe,Human coronavirus 229E RNA [Presence] in Nasopharynx by NAA with non-probe detection,LN,Film Array RVP#2,Target PCR result,20180907,,new code,183,RM,
12620,HCoV HKU1,PCR,A,,62423-9,HCoV HKU1 RNA XXX Ql NAA+probe,Human coronavirus HKU1 RNA [Presence] in Unspecified specimen by NAA with probe detection,LN,For use with non FDA apporved Genmark eSnesor test,Target PCR result,20130821,,,106,RM,
12630,HCoV HKU1,non-PCR,A,,82161-1,HCoV HKU1 RNA Nph Ql NAA+non-probe,Human coronavirus HKU1 RNA [Presence] in Nasopharynx by NAA with non-probe detection,LN,Film Array RVP#2,Target PCR result,20180907,,new code,183,RM,
12640,HCoV multi,PCR,A,,88719-0,HCoV 229E+HKU1+NL63+OC43 Nph Ql NAA+Pr,Human coronavirus 229E+HKU1+NL63+OC43 RNA [Presence] in Nasopharynx by NAA with probe detection,LN,For use with 78922-2^Resp path DNA+RNA Pnl Nph NAA+probe,Target PCR result,20190315,,,189,JS,
12650,HCoV multi,PCR,A,,77008-1,HCoV 229E+OC43 RNA Nph Ql NAA+probe,Human coronavirus 229E+OC43 RNA [Presence] in Nasopharynx by NAA with probe detection,LN,For use with 78922-2^Resp path DNA+RNA Pnl Nph NAA+probe,Target PCR result,20190315,,,189,JS,
12660,HCoV NL63,PCR,A,,41005-0,HCoV NL63 RNA XXX Ql NAA+probe,Human coronavirus NL63 RNA [Presence] in Unspecified specimen by NAA with probe detection,LN,For use with non FDA apporved Genmark eSnesor test,Target PCR result,20130821,,,106,RM,
12670,HCoV NL63,non-PCR,A,,82162-9,HCoV NL63 RNA Nph Ql NAA+non-probe,Human coronavirus NL63 RNA [Presence] in Nasopharynx by NAA with non-probe detection,LN,Film Array RVP#2,Target PCR result,20180907,,new code,183,RM,
12680,HCoV OC43,PCR,A,,41009-2,HCoV OC43 RNA XXX Ql NAA+probe,Human coronavirus OC43 RNA [Presence] in Unspecified specimen by NAA with probe detection,LN,For use with non FDA apporved Genmark eSnesor test,Target PCR result,20130821,,,106,RM,
12690,HCoV OC43,non-PCR,A,,82164-5,HCoV OC43 RNA Nph Ql NAA+non-probe,Human coronavirus OC43 RNA [Presence] in Nasopharynx by NAA with non-probe detection,LN,Film Array RVP#2,Target PCR result,20180907,,new code,183,RM,
12700,hMPV,IF,A,,40979-7,hMPV Ag XXX Ql IF,Human metapneumovirus Ag [Presence] in Unspecified specimen by Immunofluorescence,LN,,CF IF Neut result,20100301,,,,,
12710,hMPV,PCR,A,,77024-8,hMPV RNA Nph Ql NAA+probe,Human metapneumovirus RNA [Presence] in Nasopharynx by NAA with probe detection,LN,Allowed to accommodate existing coding for the FDA approved Genmark RVP,Target PCR result,20160216,,new code,145,RM,
12720,hMPV,PCR,A,,38917-1,hMPV RNA XXX Ql NAA+probe,Human metapneumovirus RNA [Presence] in Unspecified specimen by NAA with probe detection,LN,,Target PCR result,20100301,,,,,
12730,hMPV,PCR,A,,80587-9,hMPV A+B L+N genes Nph Ql NAA+probe,Human metapneumovirus A+B L+N genes [Presence] in Nasopharynx by NAA with probe detection,LN,For use with 78922-2^Resp path DNA+RNA Pnl Nph NAA+probe,Target PCR result,20190315,,,189,JS,
12740,hMPV,non-PCR,A,,82165-2,hMPV RNA Nph Ql NAA+non-probe,Human metapneumovirus RNA [Presence] in Nasopharynx by NAA with non-probe detection,LN,Film Array RVP#2,Target PCR result,20180907,,new code,183,RM,
12750,HPIV,Cult,A,,40436-8,HPIV XXX Cult,Parainfluenza virus identified in Unspecified specimen by Organism specific culture,LN,,Respiratory viruses,20110325,,,80,RM,
12760,HPIV,IF,A,,13327-2,HPIV Ag XXX Ql IF,Parainfluenza virus Ag [Presence] in Unspecified specimen by Immunofluorescence,LN,,CF IF Neut result,20100301,,,,,
12770,HPIV,PCR,A,,PLT344,HPIV RNA XXX PCR,Human Parainfluenza Virus RNA [Identifier] in Unspecified specimen by Probe and target amplification method,PLT,For reporting nominal results unde the Filmatrray respiratory pathogen test used in USAF.,Respiratory pathogen PCR,20130821,,,105,RM,
12780,HPIV 1,Cult,A,,55097-0,HPIV1 XXX Ql Cult,Parainfluenza virus 1 [Presence] in Unspecified specimen by Organism specific culture,LN,For use with Respiratory Virus cultures,Ql culture result,20121023,,,98,RM,
12790,HPIV 1,IF,A,,67808-6,HPIV1 Ag Islt Ql IF,Parainfluenza virus 1 Ag [Presence] in Isolate by Immunofluorescence,LN,Replaces PLT257,CF IF Neut result,20111202,,,92,RM,
12800,HPIV 1,IF,A,,5869-3,HPIV1 Ag XXX Ql IF,Parainfluenza virus 1 Ag [Presence] in Unspecified specimen by Immunofluorescence,LN,,CF IF Neut result,20140804,,new,116,RM,
12810,HPIV 1,PCR,A,,80592-9,HPIV1 F gene Nph Ql NAA+probe,Parainfluenza virus 1 F gene [Presence] in Nasopharynx by NAA with probe detection,LN,For use with 78922-2^Resp path DNA+RNA Pnl Nph NAA+probe,Target PCR result,20190315,,,189,JS,
12820,HPIV 1,PCR,A,,29908-1,HPIV1 RNA XXX Ql NAA+probe,Parainfluenza virus 1 RNA [Presence] in Unspecified specimen by NAA with probe detection,LN,,Target PCR result,20100301,,,,,
12830,HPIV 1,PCR,A,,76084-3,HPIV1 RNA Nph Ql NAA+probe,Parainfluenza virus 1 RNA [Presence] in Nasopharynx by NAA with probe detection,LN,Allowed to accommodate existing coding for the FDA approved Genmark RVP,Target PCR result,20160216,,new code,145,RM,
12840,HPIV 1,non-PCR,A,,82171-0,HPIV1 RNA Nph Ql NAA+non-probe,Parainfluenza virus 1 RNA [Presence] in Nasopharynx by NAA with non-probe detection,LN,Film Array RVP#2,Target PCR result,20180907,,new code,183,RM,
12850,HPIV 2,Cult,A,,55098-8,HPIV2 XXX Ql Cult,Parainfluenza virus 2 [Presence] in Unspecified specimen by Organism specific culture,LN,For use with Respiratory Virus cultures,Ql culture result,20121023,,,98,RM,
12860,HPIV 2,IF,A,,67809-4,HPIV2 Ag Islt Ql IF,Parainfluenza virus 2 Ag [Presence] in Isolate by Immunofluorescence,LN,Replaces PLT258,CF IF Neut result,20111202,,,92,RM,
12870,HPIV 2,IF,A,,5871-9,HPIV2 Ag XXX Ql IF,Parainfluenza virus 2 Ag [Presence] in Unspecified specimen by Immunofluorescence,LN,,CF IF Neut result,20140804,,new,116,RM,
12880,HPIV 2,PCR,A,,29909-9,HPIV2 RNA XXX Ql NAA+probe,Parainfluenza virus 2 RNA [Presence] in Unspecified specimen by NAA with probe detection,LN,,Target PCR result,20100301,,,,,
12890,HPIV 2,PCR,A,,76085-0,HPIV2 RNA Nph Ql NAA+probe,Parainfluenza virus 2 RNA [Presence] in Nasopharynx by NAA with probe detection,LN,Allowed to accommodate existing coding for the FDA approved Genmark RVP,Target PCR result,20160216,,new code,145,RM,
12900,HPIV 2,PCR,A,,80593-7,HPIV2 L gene Nph Ql NAA+probe,Parainfluenza virus 2 L gene [Presence] in Nasopharynx by NAA with probe detection,LN,For use with 78922-2^Resp path DNA+RNA Pnl Nph NAA+probe,Target PCR result,20190315,,,189,JS,
12910,HPIV 2,non-PCR,A,,82172-8,HPIV2 RNA Nph Ql NAA+non-probe,Parainfluenza virus 2 RNA [Presence] in Nasopharynx by NAA with non-probe detection,LN,Film Array RVP#2,Target PCR result,20180907,,new code,183,RM,
12920,HPIV 3,Cult,A,,55099-6,HPIV3 XXX Ql Cult,Parainfluenza virus 3 [Presence] in Unspecified specimen by Organism specific culture,LN,For use with Respiratory Virus cultures,Ql culture result,20121023,,,98,RM,
12930,HPIV 3,IF,A,,5873-5,HPIV3 Ag XXX Ql IF,Parainfluenza virus 3 Ag [Presence] in Unspecified specimen by Immunofluorescence,LN,,CF IF Neut result,20140804,,new,116,RM,
12940,HPIV 3,IF,A,,67810-2,HPIV3 Ag Islt Ql IF,Parainfluenza virus 3 Ag [Presence] in Isolate by Immunofluorescence,LN,Replaces PLT259,CF IF Neut result,20111202,,,92,RM,
12950,HPIV 3,PCR,A,,29910-7,HPIV3 RNA XXX Ql NAA+probe,Parainfluenza virus 3 RNA [Presence] in Unspecified specimen by NAA with probe detection,LN,,Target PCR result,20100301,,,,,
12960,HPIV 3,PCR,A,,80594-5,HPIV3 NP gene Nph Ql NAA+probe,Parainfluenza virus 3 NP gene [Presence] in Nasopharynx by NAA with probe detection,LN,For use with 78922-2^Resp path DNA+RNA Pnl Nph NAA+probe,Target PCR result,20190315,,,189,JS,
12970,HPIV 3,PCR,A,,76086-8,HPIV3 RNA Nph Ql NAA+probe,Parainfluenza virus 3 RNA [Presence] in Nasopharynx by NAA with probe detection,LN,Allowed to accommodate existing coding for the FDA approved Genmark RVP,Target PCR result,20160216,,new code,145,RM,
12980,HPIV 3,non-PCR,A,,82173-6,HPIV3 RNA Nph Ql NAA+non-probe,Parainfluenza virus 3 RNA [Presence] in Nasopharynx by NAA with non-probe detection,LN,Film Array RVP#2,Target PCR result,20180907,,new code,183,RM,
12990,HPIV 4,IF,A,,67811-0,HPIV4 Ag Islt Ql IF,Parainfluenza virus 4 Ag [Presence] in Isolate by Immunofluorescence,LN,Replaces PLT260,CF IF Neut result,20111202,,,92,RM,
13000,HPIV 4,PCR,A,,41010-0,HPIV4 RNA XXX Ql NAA+probe,Parainfluenza virus 4 RNA [Presence] in Unspecified specimen by NAA with probe detection,LN,,Target PCR result,20100301,,,,,
13010,HPIV 4,PCR,A,,76087-6,HPIV4 RNA Nph Ql NAA+probe,Parainfluenza virus 4 RNA [Presence] in Nasopharynx by NAA with probe detection,LN,For use with 78922-2^Resp path DNA+RNA Pnl Nph NAA+probe,Target PCR result,20190315,,,189,JS,
13020,HPIV 4,PCR,A,,80595-2,HPIV4 P gene Nph Ql NAA+probe,Parainfluenza virus 4 P gene [Presence] in Nasopharynx by NAA with probe detection,LN,For use with 78922-2^Resp path DNA+RNA Pnl Nph NAA+probe,Target PCR result,20190315,,,189,JS,
13030,HPIV 4,non-PCR,A,,82174-4,HPIV4 RNA Nph Ql NAA+non-probe,Parainfluenza virus 4 RNA [Presence] in Nasopharynx by NAA with non-probe detection,LN,Film Array RVP#2,Target PCR result,20180907,,new code,183,RM,
13040,HSV,IF,A,,5855-2,HSV Ag XXX Ql IF,Herpes simplex virus Ag [Presence] in Unspecified specimen by Immunofluorescence,LN,,EIA result,20160421,,new code,149,RM,
13050,HSV 1,Cult,A,,16291-7,HSV1 XXX Ql Cult,Herpes simplex virus 1 [Presence] in Unspecified specimen by Organism specific culture,LN,,Ql culture result,20160216,,new code,146,RM,
13060,HSV 1,IF,A,,14084-8,HSV1 Islt Ql IF,Herpes simplex virus 1 [Presence] in Isolate by Immunofluorescence,LN,,CF IF Neut result,20110930,,,87,RM,
13070,HSV 1,IF,A,,5846-1,HSV1 Ag XXX Ql IF,Herpes simplex virus 1 Ag [Presence] in Unspecified specimen by Immunofluorescence,LN,,Ql culture result,20140804,,new,116,RM,
13080,HSV 2,Cult,A,,44484-4,HSV2 XXX Ql Cult,Herpes simplex virus 2 [Presence] in Unspecified specimen by Organism specific culture,LN,,Ql culture result,20160216,,new code,146,RM,
13090,HSV 2,IF,A,,5849-5,HSV2 Ag XXX Ql IF,Herpes simplex virus 2 Ag [Presence] in Unspecified specimen by Immunofluorescence,LN,,Ql culture result,20140804,,new,116,RM,
13100,HSV 2,IF,A,,14085-5,HSV2 Islt Ql IF,Herpes simplex virus 2 [Presence] in Isolate by Immunofluorescence,LN,,CF IF Neut result,20110930,,,87,RM,
13110,Legionella,PCR,A,,21363-7,L pneumo DNA XXX Ql NAA+probe,Legionella pneumophila DNA [Presence] in Unspecified specimen by NAA with probe detection,LN,,Target PCR result,20160216,,new,135,RM,
13120,MERS-CoV,PCR,A,,74475-5,MERS-CoV RNA XXX NAA+probe-Imp,Middle East respiratory syndrome coronavirus (MERS-CoV) RNA [Interpretation] in Unspecified specimen Qualitative by NAA with probe detection,LN,supersedes PLT333,Conclusion PCR result,20140113,,,109,RM,
13130,MERS-CoV,PCR,A,,74472-2,MERS-CoV N3 RNA XXX Ql NAA+probe,Middle East respiratory syndrome coronavirus (MERS-CoV) N3 gene RNA [Presence] in Unspecified specimen by NAA with probe detection,LN,supersedes PLT336,Target PCR result,20140113,,,109,RM,
13140,MERS-CoV,PCR,A,,74474-8,MERS-CoV upE RNA XXX Ql NAA+probe,Middle East respiratory syndrome coronavirus (MERS-CoV) upE gene RNA [Presence] in Unspecified specimen by NAA with probe detection,LN,supersedes PLT334,Target PCR result,20140113,,,109,RM,
13150,MERS-CoV,PCR,A,,74473-0,MERS-CoV N2 RNA XXX Ql NAA+probe,Middle East respiratory syndrome coronavirus (MERS-CoV) N2 gene RNA [Presence] in Unspecified specimen by NAA with probe detection,LN,supersedes PLT335,Target PCR result,20140113,,,109,RM,
13160,Mumps,Cult,A,,13921-2,MuV XXX Ql Cult,Mumps virus [Presence] in Unspecified specimen by Organism specific culture,LN,"To accommodate reflex testign for Mumps, when RVP and Flu PCR are negative",Ql culture result,20180907,,new code,172,RM,
13170,Mumps,IF,A,,12237-4,MuV Ag XXX Ql IF,Mumps virus Ag [Presence] in Unspecified specimen by Immunofluorescence,LN,"To accommodate reflex testign for Mumps, when RVP and Flu PCR are negative",CF IF Neut result,20180907,,new code,172,RM,
13180,Mumps,PCR,A,,47532-7,MuV RNA XXX Ql NAA+probe,Mumps virus RNA [Presence] in Unspecified specimen by NAA with probe detection,LN,"To accommodate reflex testign for Mumps, when RVP and Flu PCR are negative",Conclusion PCR result,20180907,,new code,172,RM,
13190,Mycoplasma,PCR,A,,88720-8,M pneumo DNA Nph Ql NAA+probe,Mycoplasma pneumoniae DNA [Presence] in Nasopharynx by NAA with probe detection,LN,For use with 78922-2^Resp path DNA+RNA Pnl Nph NAA+probe,Target PCR result,20190315,,,189,JS,
13200,Mycoplasma,PCR,A,,29257-3,M pneumo DNA XXX Ql NAA+probe,Mycoplasma pneumoniae DNA [Presence] in Unspecified specimen by NAA with probe detection,LN,For reporting nominal results unde the Filmatrray respiratory pathogen test used in USAF.,Target PCR result,20130821,,,105,RM,
13210,Mycoplasma,non-PCR,A,,82177-7,M pneumo DNA Nph Ql NAA+non-probe,Mycoplasma pneumoniae DNA [Presence] in Nasopharynx by NAA with non-probe detection,LN,Film Array RVP#2,Target PCR result,20180907,,new code,183,RM,
13220,Norovirus,PCR,A,,76628-7,Norovirus GI + GII RNA Stl NAA+probe,Norovirus genogroup I and II RNA [Identifier] in Stool by NAA with probe detection,LN,Needed for NRVESS reporting,Non-respiratory pathogens,20180907,,new code,177,RM,
13230,Norovirus,PCR,A,,79388-5,Norov GI+II orf1-orf2 jnc Stl Ql NAA+pr^LN,Norovirus genogroup I+II orf1-orf2 junction region [Presence] in Stool by NAA with probe detection,LN,For the Luminex xTAG Gastrointestinal Pathogen Panel,Target PCR result,20190422,,,188,JS,
13240,Norovirus,non-PCR,A,,82211-4,Norovirus GI+II RNA Stl Ql NAA+non-probe,Norovirus genogroup I+II RNA [Presence] in Stool by NAA with non-probe detection,LN,Needed for NRVESS reporting,Target PCR result,20180907,,new code,177,RM,
13250,HAdV,PCR,A,,40976-3,HAdV DNA XXX NAA+probe,Adenovirus DNA [Identifier] in Unspecified specimen by NAA with probe detection,LN,,Respiratory pathogen PCR,20190502,,,189,JS,
13260,Norovirus,PCR,A,,90449-0,Norovirus GI + GII RNA XXX NAA+probe,Norovirus genogroup I and II RNA [Identifier] in Unspecified specimen by NAA with probe detection,LN,,Non-respiratory pathogens,20190502,,,,JS,
13270,Picornavirus,IF,A,,68460-5,Picornavirus Ag Islt Ql IF,Picornavirus Ag [Presence] in Isolate by Immunofluorescence,LN,Replaces PLT261,CF IF Neut result,20111202,,,92,RM,
13280,Plesiomonas,non-PCR,A,,82198-3,P shigelloides DNA Stl Ql NAA+non-probe,Plesiomonas shigelloides DNA [Presence] in Stool by NAA with non-probe detection,LN,Needed for NRVESS reporting,Target PCR result,20180907,,new code,177,RM,
13290,Resp path,IA,A,,PLT2071,Rotavirus Ag [Presence] in Unspecified specimen by Immunoassay,RV Ag XXX Ql IA,PLT,Needed for NRVESS reporting,EIA result,20180907,,new code,173,RM,
13300,Resp path,IF,A,,54245-6,Resp virus Ag XXX IF,Respiratory virus Ag [Identifier] in Unspecified specimen by Immunofluorescence,LN,Supersedes PLT91,Respiratory viruses,20101028,20101129,"new code pending Feb2011 release, make active",66,EH,RM
13310,Resp path,PCR,A,,50548-7,Resp virus DNA+RNA XXX NAA+probe,Respiratory virus DNA+RNA [Identifier] in Unspecified specimen by NAA with probe detection,LN,supersedes PLT93,Respiratory pathogen PCR,20100611,20110124,"new code, replaces plt code","55, 70",RM,RM
13320,Resp path,PCR,A,,PLT357,Respiratory Microorganism DNA + RNA XXX PCR,Respiratory Microorganism DNA and or RNA in Unspecified Specimen by Probe and target amplification method,PLT,Allowed to be used for result reportign in WV - not the preferred method of reporting FilmArray results!,Respiratory pathogen PCR,20140804,,new,115,RM,
13330,Rhinovirus,Cult,A,,PLT2070,Rhinovirus culture {Presence} in Unspecified specimen by organism specific culture,Rhinovirus XXX Ql Cult,PLT,Needed for NRVESS reporting,Ql culture result,20180907,,new code,173,RM,
13340,Rhinovirus,PCR,A,,80596-0,Rhinovirus 5' UTR RNA Nph Ql NAA+probe,Rhinovirus 5' UTR RNA [Presence] in Nasopharynx by NAA with probe detection,LN,For use with 78922-2^Resp path DNA+RNA Pnl Nph NAA+probe,Target PCR result,20190315,,,189,JS,
13350,Rhinovirus,PCR,A,,7993-9,Rhinovirus RNA XXX Ql NAA+probe,Rhinovirus RNA [Presence] in Unspecified specimen by NAA with probe detection,LN,"For ordering in CA as one of the reflex respiratory panels
Replaces PLT470 as of Feb2018 release",Target PCR result,20180305,,,171,RM,
13360,Rhinovirus,PCR,A,,77025-5,Rhinovirus RNA Nph Ql NAA+probe,Rhinovirus RNA [Presence] in Nasopharynx by NAA with probe detection,LN,Allowed to accommodate existing coding for the FDA approved Genmark RVP,Target PCR result,20160216,,new code,145,RM,
13370,Rhinovirus,,D,20190901,PLT470,RV RNA XXX Ql,Rhinovirus RNA [Presence] in Unspecified Specimen - methodless,PLT,"For ordering in CA as one of the reflex respiratory panels
superseeded by 7993-9 since Feb2018 release",Conclusion PCR result,20140829,20180304,change,"117, 171",RM,
13380,Rotavirus A,PCR,A,,80675-2,RVA VP6 Stl Ql NAA+probe^LN,Rotavirus A VP6 gene [Presence] in Stool by NAA with probe detection,LN,For the Luminex xTAG Gastrointestinal Pathogen Panel,Target PCR result,20190422,,,188,JS,
13390,Rotavirus A,non-PCR,A,,82212-2,RVA RNA Stl Ql NAA+non-probe,Rotavirus A RNA [Presence] in Stool by NAA with non-probe detection,LN,Needed for NRVESS reporting,Target PCR result,20180907,,new code,177,RM,
13400,RSV,Cult,A,,55100-2,RSV XXX Ql Cult,Respiratory syncytial virus [Presence] in Unspecified specimen by Organism specific culture,LN,,Ql culture result,20160216,,new code,146,RM,
13410,RSV,Cult,A,,17520-8,RSV XXX Cult,Respiratory syncytial virus identified in Unspecified specimen by Organism specific culture,LN,,Respiratory viruses,20110325,,,80,RM,
13420,RSV,IA,A,,5876-8,RSV Ag XXX Ql IA,Respiratory syncytial virus Ag [Presence] in Unspecified specimen by Immunoassay,LN,,EIA result,20101028,,new code,67,EH,RM
13430,RSV,IF,A,,5877-6,RSV Ag XXX Ql IF,Respiratory syncytial virus Ag [Presence] in Unspecified specimen by Immunofluorescence,LN,,CF IF Neut result,20100301,,,,,
13440,RSV,PCR,A,,76089-2,RSV RNA Nph Ql NAA+probe,Respiratory syncytial virus RNA [Presence] in Nasopharynx by NAA with probe detection,LN,For use with 78922-2^Resp path DNA+RNA Pnl Nph NAA+probe,Target PCR result,20190315,,,189,JS,
13450,RSV,PCR,A,,40988-8,RSV RNA XXX Ql NAA+probe,Respiratory syncytial virus RNA [Presence] in Unspecified specimen by NAA with probe detection,LN,,Target PCR result,20100301,,,,,
13460,RSV,non-PCR,A,,82176-9,RSV RNA Nph Ql NAA+non-probe,Respiratory syncytial virus RNA [Presence] in Nasopharynx by NAA with non-probe detection,LN,Film Array RVP#2,Target PCR result,20180907,,new code,183,RM,
13470,RSV A,PCR,A,,80597-8,RSV A 5' UTR RNA Nph Ql NAA+probe,Respiratory syncytial virus A 5' UTR RNA [Presence] in Nasopharynx by NAA with probe detection,LN,For use with 78922-2^Resp path DNA+RNA Pnl Nph NAA+probe,Target PCR result,20190315,,,189,JS,
13480,RSV A,PCR,A,,77022-2,RSV A RNA Nph Ql NAA+probe,Respiratory syncytial virus A RNA [Presence] in Nasopharynx by NAA with probe detection,LN,Allowed to accommodate existing coding for the FDA approved Genmark RVP,Target PCR result,20160216,,new code,145,RM,
13490,RSV A,PCR,A,,30075-6,RSV A RNA XXX Ql NAA+probe,Respiratory syncytial virus A RNA [Presence] in Unspecified specimen by NAA with probe detection,LN,,Target PCR result,20100301,,,,,
13500,RSV B,PCR,A,,30076-4,RSV B RNA XXX Ql NAA+probe,Respiratory syncytial virus B RNA [Presence] in Unspecified specimen by NAA with probe detection,LN,,Target PCR result,20100301,,,,,
13510,RSV B,PCR,A,,80598-6,RSV B F gene Nph Ql NAA+probe,Respiratory syncytial virus B F gene [Presence] in Nasopharynx by NAA with probe detection,LN,For use with 78922-2^Resp path DNA+RNA Pnl Nph NAA+probe,Target PCR result,20190315,,,189,JS,
13520,RSV B,PCR,A,,77023-0,RSV B RNA Nph Ql NAA+probe,Respiratory syncytial virus B RNA [Presence] in Nasopharynx by NAA with probe detection,LN,Allowed to accommodate existing coding for the FDA approved Genmark RVP,Target PCR result,20160216,,new code,145,RM,
13530,Salmonella,PCR,A,,80678-6,Salmonella sp invA+fliC Stl Ql NAA+probe^LN,Salmonella sp invA+fliC genes [Presence] in Stool by NAA with probe detection,LN,For the Luminex xTAG Gastrointestinal Pathogen Panel,Target PCR result,20190422,,,188,JS,
13540,Salmonella,non-PCR,A,,82199-1,S ent+bong DNA Stl Ql NAA+non-probe,Salmonella enterica+bongori DNA [Presence] in Stool by NAA with non-probe detection,LN,Needed for NRVESS reporting,Target PCR result,20180907,,new code,177,RM,
13550,Sapovirus,non-PCR,A,,82213-0,Sapo I+II+IV+V RNA Stl Ql NAA+non-probe,Sapovirus genogroups I+II+IV+V RNA [Presence] in Stool by NAA with non-probe detection,LN,Needed for NRVESS reporting,Target PCR result,20180907,,new code,177,RM,
13560,Shigella,PCR,A,,70242-3,Shigella sp+EIEC ipaH Stl Ql NAA+probe^LN,Shigella species+EIEC invasion plasmid antigen H (ipaH) gene [Presence] in Stool by NAA with probe detection,LN,For the Luminex xTAG Gastrointestinal Pathogen Panel,Target PCR result,20190422,,,188,JS,
13570,Shigella,non-PCR,A,,80350-2,Shigella sp+EIEC ipaH St NAA+non-probe,Shigella species+EIEC invasion plasmid antigen H ipaH gene [Presence] in Stool by NAA with non-probe detection,LN,Needed for NRVESS reporting,Target PCR result,20180907,,new code,177,RM,
13580,Vibrio,non-PCR,A,,82200-7,V chol+para+vul DNA Stl Ql NAA+non-probe,Vibrio cholerae+parahaemolyticus+vulnificus DNA [Presence] in Stool by NAA with non-probe detection,LN,Needed for NRVESS reporting,Target PCR result,20180907,,new code,177,RM,
13590,Vibrio,non-PCR,A,,82201-5,V cholerae DNA Stl Ql NAA+non-probe,Vibrio cholerae DNA [Presence] in Stool by NAA with non-probe detection,LN,Needed for NRVESS reporting,Target PCR result,20180907,,new code,177,RM,
13600,Virus,,A,,54239-9,Cytopathic effect XXX Ql,Cytopathic effect [Presence] in Unspecified specimen,LN,,Ql culture result,20140804,,new,116,RM,
13610,Virus,Cult,A,,50024-9,Virus XXX Shell Vial Cult,Virus identified in Unspecified specimen by Shell vial culture,LN,Supersedes PLT92,Respiratory viruses,20100301,,,1,RM,
13620,Virus,Cult,A,,41461-5,Virus XXX,Virus identified in Unspecified specimen,LN,no code for ISLT,Respiratory viruses,20100301,,,,,
13630,Virus,Cult,A,,6608-4,Virus Islt Cult,Virus identified in Isolate by Culture,LN,,Respiratory viruses,20100301,,,,,
13640,Virus,Cult,A,,6584-7,Virus XXX Cult,Virus identified in Unspecified specimen by Culture,LN,,Respiratory viruses,20100301,,,,,
13650,Virus,Cult,A,,PLT99,Shell Vial Virus culture on Isolate,Shell Vial Virus culture on Isolate,PLT,,Respiratory viruses,20100301,,,,,
13660,Virus,IF,A,,12272-1,Virus XXX IF,Virus identified in Unspecified specimen by Immunofluorescence,LN,,Respiratory viruses,20100301,,,,,
13670,Yersinia,non-PCR,A,,82202-3,Y enterocol DNA Stl Ql NAA+non-probe,Yersinia enterocolitica DNA [Presence] in Stool by NAA with non-probe detection,LN,Needed for NRVESS reporting,Target PCR result,20180907,,new code,177,RM,
